Name,Email,Password
Lizbeth,l.kirsch769@hotmail.co.uk,067504545
Vicente,v.diaz215@yahoo.com,736993859
Adam,a.simpson277@hotmail.com,559088743
Ethan,e.march694@msn.com,586093225
Erin,e.ho365@yahoo.com,188746335
Renee,r.waltz890@yahoo.com,246270586
Vicente,v.keane391@gmail.com,401795941
Malachi,m.stephen857@hotmail.com,121716010
Loren,l.thornhill517@aol.com,528352093
Margaret,m.blair356@hotmail.com,891584076
Cornelius,c.zeigler871@aol.com,029480441
Renee,r.callahan704@hotmail.co.uk,050595017
Aubrie,a.lanning985@gmail.com,384141003
Matt,m.burk609@hotmail.co.uk,897680178
Jax,j.hastings934@hotmail.co.uk,668671178
Saul,s.osburn769@hotmail.co.uk,827112184
Garry,g.melo735@hotmail.co.uk,399142837
Reese,r.berman20@yahoo.com,818064113
Salvatore,s.manson379@hotmail.co.uk,804994390
Efrain,e.sargent563@yahoo.com,822594745
Mckenna,m.jensen477@hotmail.com,660096654
Wendell,w.kong183@hotmail.co.uk,093801063
Daniela,d.blackwell455@yahoo.com,092822945
Mayra,m.weiner512@hotmail.co.uk,421664513
Tracy,t.saul914@yahoo.com,307851617
Denzel,d.hogue80@yahoo.com,157788999
Ricky,r.guzman205@msn.com,585572304
Leanna,l.boyer509@yahoo.com,133084086
Tatum,t.lovato739@msn.com,274139204
Allie,a.gable975@hotmail.com,065439831
Blair,b.seibert886@yahoo.com,239688276
Jerry,j.mccaffrey838@msn.com,281032723
Maddison,m.winfield943@aol.com,330363373
Chasity,c.bettencourt166@yahoo.com,118624657
Valentina,v.smiley738@hotmail.com,033931003
Maura,m.greenberg480@hotmail.co.uk,627341777
Allison,a.bartholomew71@msn.com,200687379
Gabrielle,g.barney756@msn.com,052769114
Mandy,m.samples799@hotmail.com,294564616
Bennett,b.lovelace895@yahoo.com,401418866
Joey,j.hearn450@hotmail.co.uk,377698587
Everett,e.minnick670@hotmail.co.uk,362014012
Jerry,j.lilly883@gmail.com,390334736
Oscar,o.canfield804@hotmail.co.uk,245091259
Hope,h.stephan814@msn.com,637820779
Mariela,m.maldonado37@aol.com,766179812
Micah,m.trapp968@yahoo.com,241846063
Ernest,e.castle600@hotmail.co.uk,569240539
Lesly,l.tu584@yahoo.com,382914063
Ashley,a.trahan585@yahoo.com,676764742
Jaydon,j.berg120@yahoo.com,598239143
Lola,l.kelso987@aol.com,334775348
Tyra,t.beeson990@hotmail.co.uk,483683781
Maura,m.wilkie586@hotmail.co.uk,086488398
Talon,t.blackmon568@aol.com,077222144
Maci,m.vidal534@msn.com,077488210
Jillian,j.olmstead648@gmail.com,546438411
Hayden,h.westmoreland835@yahoo.com,817419874
Nikki,n.batten847@hotmail.co.uk,215641581
Jody,j.mcneill22@aol.com,590495983
Sonny,s.bennett452@gmail.com,775539736
Hudson,h.colburn322@yahoo.com,823704988
Tina,t.cave422@yahoo.com,642841403
Brenda,b.guidry244@aol.com,344791460
Leslie,l.waller74@yahoo.com,811647607
Donna,d.varner316@msn.com,391133231
Josh,j.sun100@aol.com,051547021
Shannon,s.irvine161@aol.com,564593672
Mariana,m.selby627@yahoo.com,628096035
Thaddeus,t.miller27@hotmail.co.uk,197981336
Rhonda,r.edwards930@yahoo.com,673254108
Viviana,v.beaulieu73@hotmail.com,492916585
Elle,e.mann25@aol.com,698787941
Emilia,e.schwartz536@msn.com,839485819
Cash,c.blaylock427@hotmail.co.uk,064935994
Derick,d.cope417@hotmail.co.uk,507315130
Adrianna,a.ahern364@msn.com,820348756
Emerson,e.cantu545@gmail.com,041172382
Helen,h.coronado978@msn.com,870855816
Karen,k.roller337@hotmail.co.uk,808563734
Susana,s.thurman47@msn.com,472305480
Julianna,j.scherer232@yahoo.com,026975434
Marissa,m.monroy755@gmail.com,123205793
Kassidy,k.irons177@hotmail.co.uk,329642864
Estrella,e.reiter293@yahoo.com,477764684
Leanne,l.martin937@aol.com,222086026
Cadence,c.stubblefield315@gmail.com,728102732
Ahmed,a.sledge952@aol.com,632503854
Juanita,j.schreiner824@hotmail.com,834699016
Wilson,w.loyd855@gmail.com,699088486
Ashanti,a.altman977@hotmail.co.uk,259992314
Martin,m.seals215@yahoo.com,440139775
Ainsley,a.krueger913@aol.com,691169243
Remington,r.newland551@yahoo.com,341851951
Gillian,g.benjamin406@msn.com,507763393
Trista,t.kerns337@yahoo.com,794047302
Samuel,s.moreland467@msn.com,204304178
Dangelo,d.gill979@gmail.com,580270351
Brittney,b.mello325@msn.com,089062920
Vanessa,v.camarena831@hotmail.co.uk,622533343
Janice,j.nava93@msn.com,636263421
Tyler,t.sweat579@gmail.com,306485548
Jeff,j.jenkins42@yahoo.com,308784802
Justus,j.combs783@hotmail.com,582658338
Charlotte,c.mosher828@hotmail.com,517906881
Stephan,s.collier49@hotmail.co.uk,270987329
Amos,a.seifert285@aol.com,415224189
Ronald,r.weir544@aol.com,557601631
Lindsey,l.sturdivant426@hotmail.com,165766178
Jamie,j.trainor596@hotmail.co.uk,088461001
Brianne,b.mccune402@msn.com,083332892
Adam,a.sterling280@aol.com,518719244
Charlie,c.zeller960@hotmail.co.uk,278412801
Marina,m.dinh465@aol.com,489790448
Santiago,s.rinehart65@hotmail.co.uk,681704455
Larry,l.bunker668@hotmail.com,422962875
Lia,l.herr503@yahoo.com,086669807
Jacqueline,j.wofford37@hotmail.co.uk,722343608
Roy,r.morehead775@yahoo.com,516698576
Scarlett,s.stearns53@yahoo.com,119617072
Cara,c.greenwood287@gmail.com,657211658
Jaqueline,j.thurston470@aol.com,154275799
Hazel,h.winn383@yahoo.com,800264970
Clint,c.fay36@aol.com,115728804
Fabian,f.marcum0@yahoo.com,420699639
Hugh,h.ferrari287@yahoo.com,684181744
Stewart,s.mendes475@hotmail.co.uk,029505763
Iris,i.rowley25@msn.com,676612636
Mohamed,m.bricker896@aol.com,794606484
Lawrence,l.galvan264@hotmail.co.uk,437997053
Hugo,h.montalvo738@aol.com,475530096
Salvatore,s.knoll41@hotmail.com,835557865
Cory,c.herzog106@hotmail.co.uk,295235356
Lexie,l.dye611@aol.com,533640667
Anton,a.holbrook559@yahoo.com,553985233
Sophie,s.gaddis611@aol.com,690391898
Janae,j.larose950@gmail.com,281059488
Gael,g.booker335@gmail.com,037149384
Kevin,k.kane719@hotmail.com,147952187
Jordan,j.holt951@yahoo.com,686618856
Maverick,m.clancy8@hotmail.com,215038035
Roy,r.forrester479@yahoo.com,147628664
Elliot,e.lea528@hotmail.com,639512105
Norman,n.lentz899@yahoo.com,362238755
Carol,c.bales911@msn.com,741544485
Elisha,e.gandy233@msn.com,127647107
Xander,x.swearingen775@yahoo.com,244382489
Camryn,c.ritchey788@hotmail.com,641762471
Armani,a.venegas296@hotmail.com,245015931
Angelia,a.watts838@hotmail.co.uk,149721810
Adolfo,a.carman727@msn.com,069770339
Jodi,j.whitfield639@hotmail.co.uk,187863269
Jayden,j.cantwell763@gmail.com,296335424
Katharine,k.nava333@hotmail.com,673981279
Randolph,r.lovato646@hotmail.co.uk,359315445
Erik,e.mcmillan252@gmail.com,146805523
Phoenix,p.resendez496@hotmail.co.uk,054152687
Devon,d.samuels391@gmail.com,882856695
Jamaal,j.knott491@hotmail.com,348606683
Abel,a.mcrae854@hotmail.com,042085376
India,i.pierce197@gmail.com,187824194
Josie,j.vetter717@aol.com,629556661
Daquan,d.ash901@hotmail.co.uk,024782080
Nikki,n.cahill441@yahoo.com,759991157
Raven,r.gruber903@msn.com,401390722
Davon,d.mclaurin484@hotmail.co.uk,826263506
Sherry,s.glover692@hotmail.com,357228175
Zander,z.rico995@gmail.com,018349511
Tammie,t.oleary36@yahoo.com,444980052
Brenton,b.eubanks129@msn.com,744863992
Kaylin,k.rincon454@aol.com,354798499
Ricardo,r.ivory107@msn.com,499806331
Annette,a.tice399@aol.com,249987747
Samara,s.duong434@hotmail.com,572401450
Vicki,v.mcnulty356@aol.com,038396464
Paula,p.cagle475@hotmail.co.uk,247834076
Eliana,e.ashford839@hotmail.co.uk,643972007
April,a.middleton986@gmail.com,561122332
Kara,k.perrin216@msn.com,060428673
Carmen,c.ulmer728@hotmail.co.uk,598750749
Kylee,k.lay462@hotmail.com,126406778
Freddy,f.wheeler288@gmail.com,303535736
Nathaniel,n.goddard822@msn.com,336879457
Joaquin,j.galvan672@aol.com,153964395
Stefanie,s.ng514@gmail.com,586625956
Harley,h.shaw192@msn.com,121908375
Laura,l.reilly619@yahoo.com,303294492
Devan,d.fleming654@msn.com,238802329
Annabelle,a.pascual312@aol.com,834621279
James,j.ledford701@msn.com,746673738
Willow,w.schell258@hotmail.com,228072732
Gerardo,g.hedges422@hotmail.com,183621634
Savanna,s.watters144@aol.com,664025279
Fidel,f.everett889@yahoo.com,691456837
Louis,l.hurt502@msn.com,304572557
Cori,c.stapleton576@msn.com,488436421
Virginia,v.stidham301@yahoo.com,294585367
Chelsey,c.beattie645@gmail.com,761182232
Camille,c.wicks987@msn.com,245802671
King,k.kumar79@msn.com,176594799
Gina,g.negron167@hotmail.co.uk,581013108
Maximilian,m.porras372@aol.com,350468328
Ariel,a.downing472@yahoo.com,352553382
Sam,s.kitchen968@yahoo.com,241983866
Darrius,d.rowan362@hotmail.com,309940074
Lacey,l.sanders996@hotmail.com,188710314
Braylon,b.hendrix743@hotmail.co.uk,771789471
Bryan,b.snead926@msn.com,793284535
Evan,e.ulloa637@yahoo.com,876137377
Caroline,c.costa213@msn.com,752776817
Shantel,s.mayorga108@hotmail.com,185383013
Mitchel,m.winkler826@hotmail.com,772768581
Shayna,s.darnell807@msn.com,727276725
Melisa,m.simpson458@msn.com,500118230
Marisa,m.carrillo371@yahoo.com,350464879
Julie,j.babb889@hotmail.co.uk,662433969
Freddy,f.best493@gmail.com,094406992
Pierce,p.boggs567@hotmail.com,853691397
Janessa,j.jennings286@msn.com,577023856
Kenzie,k.ortega146@aol.com,626370613
Malachi,m.levi485@msn.com,716595684
Eliza,e.jaimes28@hotmail.co.uk,889578988
Darla,d.ralston738@hotmail.co.uk,347957715
Rolando,r.schulze343@hotmail.com,513508047
Fabian,f.truitt994@msn.com,831730997
Misty,m.paxton635@hotmail.com,570658797
Miles,m.bartley703@hotmail.com,860811793
Micaela,m.ruth35@hotmail.com,875981615
Denzel,d.reinhart72@msn.com,405773088
Terence,t.darr233@hotmail.com,104806252
Edith,e.barraza7@msn.com,318710554
Hunter,h.kenney922@msn.com,872731489
Jace,j.mabe868@hotmail.co.uk,110681687
Stephanie,s.dill200@msn.com,176047524
Angel,a.obrien624@gmail.com,740549357
Calvin,c.fuller472@msn.com,069016063
Alena,a.rosario843@gmail.com,239735291
Jakob,j.withrow708@gmail.com,081520992
Ulises,u.erwin521@msn.com,485967896
Nadine,n.fuqua296@hotmail.com,203371239
Marshall,m.dawson810@msn.com,153509013
Howard,h.rangel446@aol.com,724028833
Shayna,s.langley362@hotmail.com,221595665
Traci,t.meza351@hotmail.com,352121457
Harmony,h.schreiber106@hotmail.com,033266503
Joni,j.francis605@gmail.com,006735105
Cedric,c.howell345@aol.com,137989783
Bronson,b.crews305@yahoo.com,869903738
Ian,i.wagner216@hotmail.co.uk,149824604
Luis,l.mccarty922@aol.com,508596205
Elle,e.mckay2@yahoo.com,146394692
Jenifer,j.niles80@hotmail.com,706987318
Maureen,m.cave181@hotmail.co.uk,625676945
Trent,t.do96@hotmail.co.uk,493481216
Denzel,d.ferrer46@hotmail.com,657727044
Ellie,e.snider92@yahoo.com,539442550
Juliana,j.felton228@yahoo.com,027923808
Cynthia,c.clinton460@yahoo.com,345770795
Alondra,a.pomeroy622@msn.com,415050868
Shari,s.bergman103@msn.com,536306908
Brielle,b.trevino652@yahoo.com,529724920
Viviana,v.pepper760@msn.com,544123640
Ebony,e.dixon183@gmail.com,397498359
Gia,g.coffman173@yahoo.com,088564716
Antonia,a.riordan147@gmail.com,660651569
Tamara,t.harless607@hotmail.co.uk,050593672
Vaughn,v.swann979@aol.com,103534704
Alden,a.arredondo726@aol.com,027344858
Osvaldo,o.holley258@gmail.com,146190661
Serena,s.hyde4@hotmail.co.uk,278955535
Mitchel,m.garrett926@yahoo.com,249736706
Nia,n.shirk261@aol.com,114228007
Vance,v.rey328@msn.com,234893725
Micah,m.mccloud701@msn.com,004463214
Keri,k.stowe757@msn.com,609333183
Latoya,l.parsons900@aol.com,301697602
Tyron,t.villegas450@gmail.com,066949086
Shayne,s.vandyke449@hotmail.co.uk,669331507
Ira,i.carden952@aol.com,758031392
Liana,l.finnegan968@hotmail.co.uk,207166178
Humberto,h.bonham825@hotmail.com,024983517
June,j.salisbury915@msn.com,209474746
Samara,s.crook6@msn.com,072260722
Damien,d.pool740@gmail.com,612790871
Maricela,m.farias874@hotmail.co.uk,546200262
Kobe,k.hulsey602@hotmail.co.uk,873330813
Kyleigh,k.neel251@hotmail.co.uk,557764486
Josie,j.ruelas195@yahoo.com,553859232
Chanel,c.jameson163@yahoo.com,890660282
Giselle,g.ratliff11@hotmail.com,716665961
Asher,a.mcnutt438@msn.com,738757240
Ronan,r.boyle374@hotmail.com,752998347
Jon,j.gilbertson364@hotmail.co.uk,152481186
Adriana,a.dewey223@hotmail.co.uk,691060426
Anita,a.holton916@hotmail.co.uk,863021468
Moshe,m.gaines726@msn.com,413607688
Walter,w.newberry178@gmail.com,065608144
Alexandra,a.neely576@gmail.com,565632944
Bronson,b.coley665@msn.com,709571232
Blaine,b.dukes497@gmail.com,465057459
Gerard,g.mcclelland729@msn.com,245780131
Nelson,n.priest351@hotmail.com,737432993
Fidel,f.howard463@hotmail.co.uk,102141538
Kiersten,k.tremblay376@aol.com,262818033
Marilyn,m.page709@gmail.com,090666666
Clifford,c.sammons786@msn.com,204666850
Lillie,l.redden189@msn.com,262300560
Landon,l.paniagua274@aol.com,597781632
Reynaldo,r.elizondo375@msn.com,519779041
Bella,b.mckelvey305@hotmail.co.uk,410934652
Lamar,l.barron727@aol.com,148577359
Gustavo,g.tilley173@aol.com,871645987
Pamela,p.wenzel66@gmail.com,022256455
Betty,b.brenner596@yahoo.com,053221433
Caiden,c.chambers958@msn.com,633390229
Gabriela,g.oliver69@hotmail.com,104187483
Mathew,m.hoppe232@gmail.com,230597031
Darwin,d.snead113@gmail.com,419170819
Clint,c.dooley227@yahoo.com,275032733
Kerry,k.billingsley156@gmail.com,896071855
Alejandro,a.kopp203@yahoo.com,476589717
Sherman,s.correia805@hotmail.com,668653296
Matthew,m.low163@gmail.com,226792167
Elliot,e.broussard190@msn.com,774898364
Abbey,a.gaspar362@gmail.com,816648513
Helen,h.reedy551@hotmail.co.uk,314781927
Everett,e.queen907@yahoo.com,783180870
Bobby,b.merriman181@yahoo.com,205401249
Antoinette,a.whitlow354@gmail.com,451857505
Peter,p.stidham72@gmail.com,520404452
Rosemary,r.goodwin302@msn.com,124826853
Amari,a.slaughter557@gmail.com,158047356
Brad,b.mohammed781@yahoo.com,276606750
Aria,a.underhill26@yahoo.com,551564952
Nadine,n.reinhardt927@gmail.com,518420415
Dalton,d.lenz33@hotmail.co.uk,076522015
Charles,c.bostick213@gmail.com,778493005
Madelyn,m.alcorn218@msn.com,431737842
Kole,k.erickson890@hotmail.co.uk,238515238
Sammy,s.franks678@hotmail.com,615128668
Alfonso,a.collado714@msn.com,645173855
Adrien,a.flores883@yahoo.com,138660541
Alena,a.goldman986@yahoo.com,043107245
Caden,c.mcclellan791@aol.com,850461291
Arron,a.pulliam738@aol.com,633875540
Kaylin,k.blakely162@yahoo.com,457888738
Tomas,t.parrish435@hotmail.co.uk,585868533
Gonzalo,g.paxton318@gmail.com,726841144
Mathew,m.barnes79@gmail.com,252045790
Caitlyn,c.mears896@hotmail.co.uk,808490387
Gordon,g.williford143@hotmail.co.uk,516862006
Bryce,b.rosario935@msn.com,269113228
Fiona,f.robb487@aol.com,126047025
Sheena,s.houghton311@yahoo.com,123063927
Katie,k.quiroz418@aol.com,464566861
Elyse,e.hershberger352@msn.com,550184713
Lauren,l.collado242@msn.com,829089979
Justine,j.bronson921@yahoo.com,837487450
Fred,f.weatherford12@msn.com,206274715
Ezra,e.sherwood319@hotmail.com,680067782
Genesis,g.whelan170@msn.com,822019902
Josh,j.to697@aol.com,756499001
Kendrick,k.cousins557@msn.com,240182534
Rogelio,r.foley309@hotmail.co.uk,251614404
Amos,a.arevalo841@gmail.com,035520046
Brandy,b.battles997@hotmail.com,061413128
Erich,e.ngo113@yahoo.com,081609396
Dominick,d.mccray588@hotmail.com,409287938
Kristofer,k.canty460@hotmail.com,473543900
Iker,i.jaimes445@hotmail.com,021844980
Alice,a.denham49@yahoo.com,404827560
Jake,j.lovett905@yahoo.com,353585533
Cayla,c.romo655@gmail.com,422766692
Brittani,b.nielsen232@yahoo.com,379962757
Terra,t.mcclure757@hotmail.com,144708600
Lilliana,l.mckinnon288@yahoo.com,673487790
Helen,h.cagle28@hotmail.com,033425671
Tonia,t.gauthier777@hotmail.com,410853135
Riley,r.barrow925@aol.com,770976951
Juliana,j.bandy976@hotmail.co.uk,731214349
Addison,a.courtney26@msn.com,345188628
Lena,l.colbert592@hotmail.com,039281824
Adrienne,a.rider904@gmail.com,668871590
Hanna,h.steed724@hotmail.co.uk,729339673
Glenn,g.choate888@aol.com,393101411
Emery,e.weimer429@hotmail.co.uk,144758369
Miriam,m.lamar308@msn.com,860011042
Kristen,k.bright473@hotmail.co.uk,806574431
Guillermo,g.waite3@hotmail.co.uk,205929970
Reid,r.gregory111@hotmail.co.uk,550562762
Joyce,j.cotter330@yahoo.com,640024905
Nickolas,n.padilla30@hotmail.co.uk,828113577
Chaz,c.roque372@hotmail.co.uk,044338017
Tyrese,t.omalley365@aol.com,645709735
Marisa,m.koontz339@msn.com,419077257
Harper,h.roberts110@gmail.com,724168097
Marcus,m.ralph417@gmail.com,791255638
Charity,c.domingo397@gmail.com,080507306
Dane,d.wren384@yahoo.com,595262222
Ezra,e.stanfield747@yahoo.com,251260646
Lindsey,l.hollins379@gmail.com,449878280
Margaret,m.lavender228@gmail.com,817019743
Kristin,k.brown172@aol.com,185548846
Marley,m.gibson197@msn.com,737035399
Sasha,s.mcnutt385@hotmail.co.uk,508670198
Andy,a.keene818@hotmail.co.uk,197402650
Shania,s.cooke797@gmail.com,843575671
Judith,j.lavigne521@hotmail.co.uk,758986001
Jamal,j.giles514@hotmail.co.uk,840630577
Sandy,s.siegel62@gmail.com,220204868
Michelle,m.malloy550@aol.com,233595895
Dillan,d.pulliam515@hotmail.com,279428893
Lyndsey,l.johnstone657@msn.com,704739498
Benny,b.ballesteros76@hotmail.com,645956606
Mariela,m.eggers114@hotmail.com,638131628
Bradford,b.cornish541@hotmail.com,374818029
Skylar,s.bobbitt626@gmail.com,033838447
Jorge,j.saldana533@hotmail.com,250916481
Donna,d.aviles791@aol.com,006242909
Maximus,m.rich939@yahoo.com,518809499
Brittney,b.rodriguez684@msn.com,517943256
Matteo,m.merrill255@msn.com,115694918
Kira,k.duke826@aol.com,799546299
Brayan,b.cantrell531@hotmail.com,384798683
Omari,o.hinton203@hotmail.co.uk,259938964
Tonya,t.ledesma238@hotmail.co.uk,819702636
Lia,l.liang471@hotmail.co.uk,157956563
Mohamed,m.mello562@hotmail.co.uk,734878265
George,g.clifford40@aol.com,177181983
Kaydence,k.martini328@hotmail.com,492501845
Mckenzie,m.harrison871@aol.com,677185433
Daniella,d.bello933@hotmail.com,568335142
Gabriela,g.waite83@hotmail.com,039070753
Ben,b.denson600@aol.com,643465141
Sage,s.franz923@msn.com,310672391
Wesley,w.mcmahon355@yahoo.com,047784353
Rachael,r.farrell451@hotmail.co.uk,744179520
Levi,l.manzano50@aol.com,235403764
Tabatha,t.dionne718@hotmail.com,613672851
Kori,k.stratton750@yahoo.com,790246212
Andy,a.alonzo858@hotmail.com,209655067
Mason,m.galindo424@hotmail.com,116528540
Laurel,l.mahon193@gmail.com,505967612
Pete,p.quezada387@yahoo.com,207470549
Linda,l.pope302@aol.com,195839169
Kassandra,k.harp549@aol.com,291635131
Lexie,l.reagan981@hotmail.com,421506007
Bryan,b.culpepper164@gmail.com,046275152
Keenan,k.herrington306@msn.com,671456796
Javon,j.amos458@hotmail.com,374982534
Ismael,i.lay73@hotmail.co.uk,692429666
Kinsley,k.macleod702@aol.com,375938696
Grady,g.dugan852@gmail.com,336626819
Janine,j.phan865@msn.com,279186730
Norma,n.askew980@yahoo.com,365873100
Christin,c.novotny591@msn.com,598576689
Amy,a.ritchey749@aol.com,116042039
Esmeralda,e.gossett264@hotmail.com,302227320
Skylar,s.caceres708@hotmail.com,188304405
Isaac,i.castellanos286@aol.com,503340589
Bella,b.medlin492@yahoo.com,593621056
Lyndsey,l.nobles69@hotmail.com,025584770
Nora,n.andrade962@yahoo.com,454886592
Trey,t.picard196@aol.com,219027158
Virgil,v.sharpe470@msn.com,381512880
Rhett,r.hammock920@yahoo.com,649631415
Olga,o.mackey4@hotmail.co.uk,711092931
Mya,m.epperson205@aol.com,155819054
Cristian,c.sorensen41@hotmail.com,038633301
Lilian,l.wilkerson6@msn.com,859643921
Lila,l.gass233@yahoo.com,106853160
Mike,m.lofton628@yahoo.com,562942966
Daniela,d.boehm502@aol.com,729630786
Braiden,b.kish245@msn.com,193839071
Moses,m.keel642@gmail.com,432660146
Avery,a.sheppard145@yahoo.com,708163075
Alexa,a.eaton966@yahoo.com,176571833
Reginald,r.holguin981@msn.com,736637311
Sawyer,s.swearingen805@hotmail.co.uk,873411081
Tianna,t.zarate995@hotmail.com,273295813
Yasmine,y.ortega544@hotmail.com,806285599
Roman,r.rey800@yahoo.com,855791916
Mackenzie,m.anglin209@gmail.com,556183675
Mohammad,m.kline670@aol.com,736396696
Tevin,t.payne154@msn.com,844233931
Dominique,d.barker855@hotmail.co.uk,416603987
Marcos,m.howes733@aol.com,224247190
Elise,e.yost789@yahoo.com,862730554
Rolando,r.mcadams383@aol.com,172293660
Katelynn,k.bruno428@gmail.com,631691963
Todd,t.desmond23@hotmail.co.uk,338968306
Rose,r.kinsey728@hotmail.com,264113033
Neal,n.perez87@hotmail.co.uk,765719378
Aidan,a.dejesus553@yahoo.com,365222400
Carley,c.hayes814@aol.com,463759374
Cohen,c.brinkley409@yahoo.com,193316674
Isis,i.fiedler935@msn.com,823300940
Lena,l.segura863@msn.com,784862944
Holly,h.sharma569@msn.com,797692076
Callie,c.strauss965@yahoo.com,885955639
Kristofer,k.mcknight58@hotmail.co.uk,710702182
Micheal,m.kunkel762@hotmail.com,645581789
Kylee,k.clifford448@msn.com,475682441
Lauren,l.hennessy732@yahoo.com,119225681
Aleah,a.villareal926@hotmail.com,604140589
Aubree,a.hedrick796@hotmail.com,168022906
Markus,m.vaught654@hotmail.co.uk,653600900
Tianna,t.franz964@hotmail.com,826203074
Mindy,m.leavitt721@gmail.com,843658217
Garret,g.manzano992@yahoo.com,614184054
Marvin,m.salcido971@yahoo.com,392508414
Gregg,g.flagg885@hotmail.com,585491753
Winston,w.redden214@yahoo.com,076528351
Lucia,l.frame618@hotmail.co.uk,032257701
Shari,s.weatherford415@aol.com,022492555
Carlie,c.broughton729@msn.com,130594536
Kristie,k.champion176@aol.com,670705805
Aisha,a.luis587@hotmail.co.uk,117739150
Paris,p.villanueva423@hotmail.com,026960471
Joesph,j.franz430@aol.com,052218873
Andre,a.roque114@msn.com,017019584
Timmy,t.gibbons245@yahoo.com,643088097
Shelley,s.tenney606@aol.com,575141560
Amber,a.hollingsworth615@yahoo.com,574224783
Kellan,k.shoemaker222@gmail.com,507182108
Lucia,l.charlton617@yahoo.com,481289238
Gerardo,g.werner125@hotmail.com,776189001
Lynette,l.gaskin804@aol.com,892683610
Clint,c.clemens565@hotmail.com,625597828
Mitchell,m.tiller996@hotmail.co.uk,619234873
Leonel,l.yount65@msn.com,618449174
Kathleen,k.peacock935@yahoo.com,870041194
Marcos,m.cary979@msn.com,482642610
Marcia,m.billingsley832@hotmail.co.uk,241578743
Ayla,a.maya593@hotmail.co.uk,599691311
Sage,s.janssen324@msn.com,816169712
Rolando,r.thiel101@hotmail.co.uk,054625289
Devante,d.mccartney301@hotmail.co.uk,890459823
Matteo,m.ricks190@yahoo.com,064380504
Drake,d.dick754@hotmail.co.uk,340960745
Janine,j.wingate86@yahoo.com,417032860
Layne,l.rush535@aol.com,097168892
Kim,k.lunsford341@yahoo.com,588136444
Neil,n.mullins106@yahoo.com,768866467
Christie,c.bolanos754@aol.com,115896867
Annie,a.arndt344@msn.com,210579916
Jordan,j.stubblefield545@gmail.com,575363669
Sebastian,s.gayle331@yahoo.com,484027083
Ryan,r.dvorak713@gmail.com,329131677
Haylee,h.mccloud37@aol.com,866586091
Janna,j.whalen447@aol.com,641424459
Corey,c.pederson207@hotmail.com,008387799
Greg,g.pulley431@hotmail.co.uk,545672958
Hudson,h.vollmer378@gmail.com,700206046
Hayley,h.rand599@yahoo.com,857021791
Nicholas,n.monaghan233@hotmail.co.uk,165542997
Elizabeth,e.horn266@yahoo.com,340471704
Tammy,t.landeros592@yahoo.com,799237682
Guy,g.lavender336@aol.com,742739262
Alfred,a.webb826@hotmail.co.uk,051501663
Gregory,g.wick903@yahoo.com,799899731
Danielle,d.eck784@aol.com,793218426
Lacy,l.chavis625@yahoo.com,627798674
Rocco,r.yazzie131@gmail.com,605812085
Jovan,j.milam735@aol.com,608355939
Brantley,b.kaufman243@hotmail.co.uk,755793974
Adriel,a.farmer718@gmail.com,755956338
Cale,c.allman645@aol.com,546131775
Everett,e.beach61@hotmail.co.uk,105442672
Kathryn,k.chao734@hotmail.co.uk,129236594
Stefanie,s.pierre544@aol.com,831771804
Charles,c.sabo194@hotmail.co.uk,697875946
Clare,c.beasley738@hotmail.co.uk,515257740
Owen,o.longo141@gmail.com,847151450
Caroline,c.call209@aol.com,899579081
Brooklynn,b.park263@hotmail.com,295683524
Gail,g.perdue527@msn.com,202645323
Josh,j.goode819@aol.com,178429400
Sherry,s.perales951@hotmail.co.uk,019421625
Tayler,t.enright59@hotmail.com,111164072
Ariel,a.law141@aol.com,463407775
Gillian,g.gilmore836@hotmail.co.uk,195827282
Kaylee,k.sample549@aol.com,075768489
Jennie,j.everhart865@yahoo.com,775481682
Camden,c.almanza249@gmail.com,077705841
Stuart,s.angelo873@msn.com,825984505
Greyson,g.harman244@yahoo.com,482921454
Jolene,j.blalock209@msn.com,287042174
German,g.canales821@hotmail.co.uk,684789441
King,k.bowden97@msn.com,850191648
Kristian,k.burton781@aol.com,157920031
Valentina,v.ostrander513@yahoo.com,306112839
Rita,r.rangel504@gmail.com,098069962
Bradly,b.sheridan28@yahoo.com,876372777
Houston,h.staley165@msn.com,638867373
Patrick,p.mcmanus488@yahoo.com,588506095
Tim,t.enriquez662@aol.com,149107698
Kristin,k.weinstein471@msn.com,858189057
Aubrey,a.gooch663@hotmail.com,152213499
Rocco,r.thrasher906@hotmail.co.uk,658970843
Dianna,d.adam907@msn.com,776977688
Beatrice,b.ballard845@gmail.com,561612358
Harmony,h.marino248@gmail.com,689354865
Bobbie,b.fulcher841@gmail.com,011841033
Grace,g.grissom120@aol.com,196108751
Camryn,c.kauffman400@hotmail.co.uk,869155486
Kaitlynn,k.german244@msn.com,295753921
Marisa,m.burkhardt510@yahoo.com,261933625
Amir,a.palm477@hotmail.com,563562024
Darion,d.tolliver489@yahoo.com,047378222
Javier,j.petrie860@yahoo.com,799939782
Shaina,s.fuchs576@gmail.com,073222532
Maribel,m.dawkins722@msn.com,844336490
Donnie,d.cato294@msn.com,206578184
Reece,r.young84@hotmail.co.uk,526889311
Joann,j.thibodeaux191@yahoo.com,260452259
Emily,e.timmons851@yahoo.com,681315047
Jaden,j.dexter349@hotmail.com,587167424
Vernon,v.prather99@yahoo.com,033123879
Melody,m.brush292@gmail.com,469926412
Jesus,j.millard22@aol.com,228952161
Arturo,a.minter650@yahoo.com,861901269
Brantley,b.tan994@hotmail.co.uk,243820683
Camryn,c.whaley435@hotmail.co.uk,872321631
Rigoberto,r.isom530@hotmail.com,878271760
Arlene,a.pritchard840@hotmail.co.uk,183358543
Marquise,m.bair960@msn.com,699863763
Jackson,j.fortier230@msn.com,785911020
Madelyn,m.benavides439@gmail.com,182310191
India,i.cota954@hotmail.co.uk,208801302
Talia,t.hammett568@yahoo.com,058960954
Jesus,j.funk995@aol.com,026232461
Teresa,t.kunkel39@msn.com,031026053
Bryan,b.boren660@hotmail.com,591262136
Brenna,b.scholl481@msn.com,372871388
Briana,b.orozco980@aol.com,835739468
Ryan,r.testa136@msn.com,267168372
Zachery,z.harrell556@gmail.com,065664105
Marco,m.clouse521@hotmail.com,692219866
Shana,s.mathias399@hotmail.co.uk,509587745
Amie,a.layton331@hotmail.com,257840104
Judith,j.wicks80@msn.com,889187260
Kurt,k.adair85@aol.com,458343633
Ruth,r.poirier331@aol.com,255097194
Karter,k.robson437@msn.com,707932843
Garret,g.lilly119@hotmail.com,566611548
Abel,a.kessler190@hotmail.com,079112227
Sherman,s.farber18@aol.com,044350834
Asia,a.ricks593@yahoo.com,630706114
Bobby,b.archie249@aol.com,343965221
Carlos,c.reilly993@msn.com,122601703
Karina,k.everett512@hotmail.co.uk,089054713
Sylvester,s.bloom666@gmail.com,130803994
Sandy,s.tobin224@gmail.com,727425536
Sherri,s.bosch852@yahoo.com,294646923
Keon,k.toliver145@msn.com,834238396
Trenton,t.hammonds789@hotmail.com,704374270
Hunter,h.hennessy220@gmail.com,016420136
Brooklynn,b.bradbury821@hotmail.co.uk,556697398
Juliet,j.seymour903@yahoo.com,644805611
Johanna,j.vickers699@hotmail.co.uk,369259714
Sonia,s.pennington186@gmail.com,059897276
Carly,c.bianco844@yahoo.com,645441973
Darnell,d.goebel734@hotmail.co.uk,154915229
Blair,b.flint114@yahoo.com,064742876
Brandie,b.woodworth991@aol.com,859739712
Drew,d.meza61@msn.com,543159442
Hallie,h.tobin973@aol.com,268354896
Kristen,k.parra723@aol.com,258103541
Sonny,s.woo371@msn.com,352110083
Tammy,t.bermudez185@hotmail.co.uk,675246440
Rocio,r.shah354@hotmail.co.uk,571163623
Kira,k.vest447@gmail.com,448227197
Keagan,k.kurtz498@gmail.com,800269715
Kason,k.radford837@msn.com,211097366
Linda,l.joyce649@gmail.com,287321994
Nadine,n.gillen370@hotmail.co.uk,220998224
Andrea,a.delgado913@msn.com,035835644
Darlene,d.fung88@msn.com,088321535
Brenda,b.graber519@yahoo.com,823354843
Tatyana,t.whatley221@hotmail.co.uk,576168083
Marcus,m.winters549@yahoo.com,849394247
Ted,t.lusk402@yahoo.com,114781480
Dakota,d.lea384@gmail.com,023600804
Ava,a.paine717@yahoo.com,694204102
Anika,a.blount234@msn.com,148953876
Rylie,r.oreilly461@aol.com,186340077
Faith,f.perez865@hotmail.co.uk,586812525
Tiara,t.mcmillen646@yahoo.com,619391738
Payton,p.damato933@hotmail.com,003501383
Zachary,z.turley903@yahoo.com,358619855
Maryann,m.bustos978@hotmail.co.uk,230324739
Jerald,j.bledsoe156@hotmail.com,032929469
Naomi,n.barron359@aol.com,594832633
Garrison,g.whitcomb591@aol.com,245190224
Madison,m.cintron991@hotmail.com,106650146
Darien,d.bentley450@hotmail.com,423739396
Elmer,e.clary744@gmail.com,035365993
Silvia,s.belt828@msn.com,497570538
Justin,j.schumann727@hotmail.co.uk,680338556
Justice,j.brannon615@yahoo.com,103668548
Giovanni,g.richardson996@hotmail.co.uk,503704191
Valerie,v.bauer426@aol.com,338380048
Adrian,a.short450@yahoo.com,027947065
Sonya,s.milton94@aol.com,275119397
Edwin,e.waddell32@yahoo.com,692136073
Zachariah,z.crane650@msn.com,871742619
Jamaal,j.hardison645@gmail.com,014237364
Olga,o.stoltzfus802@aol.com,733292027
Lynn,l.rush69@msn.com,456302674
Kristi,k.prescott770@hotmail.com,402348381
Julius,j.frasier401@hotmail.co.uk,438099167
Arron,a.leavitt815@hotmail.com,824621913
Rhiannon,r.russo983@gmail.com,153360468
Rebecca,r.thorne933@hotmail.com,419528778
Kathy,k.baeza525@gmail.com,434578948
Hudson,h.moses757@yahoo.com,058265314
Kenya,k.graber163@hotmail.com,546167422
Terrence,t.karr106@hotmail.com,157419783
Rex,r.sweeney773@msn.com,600371474
Nayeli,n.hennessey116@gmail.com,565388517
Rusty,r.chavis624@aol.com,222833437
Paul,p.weiner424@hotmail.co.uk,108583666
Mathew,m.callaway702@hotmail.com,333124277
Annie,a.somers500@msn.com,247846103
Martin,m.velasco821@hotmail.com,745148558
Wesley,w.oliveira172@gmail.com,710658491
Jordan,j.pantoja681@msn.com,392312030
Anahi,a.packer213@hotmail.com,324835726
Rose,r.ayers932@hotmail.co.uk,812815927
Porter,p.barbee382@hotmail.co.uk,239950160
Alfonso,a.bearden932@hotmail.co.uk,269761525
Liliana,l.spellman600@hotmail.com,525161827
Rocco,r.martini813@hotmail.com,695270955
Rachael,r.deluca985@hotmail.com,611678533
Joni,j.parris508@hotmail.com,731489617
Angelina,a.pina63@msn.com,104065478
Rochelle,r.metcalf743@hotmail.co.uk,111337466
Nathan,n.arenas566@hotmail.com,435318917
Emmett,e.gallagher725@gmail.com,704083315
Abraham,a.huntley910@aol.com,307703224
Lorenzo,l.furr176@yahoo.com,733071303
Jeffery,j.dupuis782@msn.com,475070007
Ahmad,a.goodin905@hotmail.com,455884030
Marcos,m.wolford125@gmail.com,512449681
Juan,j.jose987@msn.com,039203434
Loren,l.torrez823@hotmail.co.uk,222508059
Kristopher,k.tuck809@gmail.com,520587247
Marco,m.cain241@hotmail.co.uk,178270035
John,j.chen723@yahoo.com,130577573
Riley,r.allen46@hotmail.co.uk,223316717
Ellie,e.denton659@yahoo.com,741856681
Ali,a.craig942@hotmail.com,532850379
Fredrick,f.turnbull36@gmail.com,240236815
Lesly,l.conlon376@aol.com,877974477
Kurt,k.crum925@hotmail.co.uk,334630678
Harper,h.newsome610@yahoo.com,430946488
Jazmin,j.peralta750@msn.com,407096721
Darien,d.angulo882@gmail.com,544346535
Isiah,i.rawls735@yahoo.com,728357454
Shayne,s.kruger909@gmail.com,123993394
Zachary,z.wingate510@msn.com,408424671
Adrienne,a.swenson660@gmail.com,136846774
Devante,d.howard347@hotmail.com,135593958
Javon,j.ellington912@aol.com,467731405
Emery,e.barbour83@yahoo.com,181071268
Gavin,g.bartholomew322@hotmail.co.uk,645074097
Hunter,h.williams600@msn.com,847945245
Kassidy,k.whitman326@aol.com,188391097
Ashley,a.borden344@yahoo.com,466206931
Frederick,f.beasley899@yahoo.com,808748562
Devante,d.collins649@aol.com,061804108
Jazmin,j.bianchi460@aol.com,122506300
Broderick,b.bowe646@msn.com,441053769
Meredith,m.billings436@yahoo.com,733560761
Douglas,d.brunner197@yahoo.com,202549334
Noelle,n.martinez243@gmail.com,283137245
Guadalupe,g.copeland925@gmail.com,227143342
Noel,n.teal128@hotmail.com,309886862
Peggy,p.bethea996@gmail.com,489185413
Eileen,e.wozniak735@hotmail.co.uk,646226113
Alejandra,a.phillips953@yahoo.com,162413885
Dakota,d.schofield227@yahoo.com,755044130
Brianne,b.leggett513@yahoo.com,537618793
Frankie,f.curtis614@yahoo.com,848131908
Maura,m.meredith714@gmail.com,377822302
Moshe,m.rosado777@msn.com,199024866
Vernon,v.pennington391@msn.com,307817526
Pablo,p.marr906@hotmail.co.uk,080966409
Sidney,s.humphrey52@hotmail.com,458408280
Jamie,j.hudgins487@yahoo.com,207686614
Donavan,d.rodriguez391@aol.com,815827869
Zachariah,z.sneed518@yahoo.com,520974425
Debra,d.weathers953@hotmail.co.uk,126660038
Chasity,c.craddock245@hotmail.com,338189914
Lance,l.cassidy796@gmail.com,560394459
Diane,d.logan10@aol.com,482053601
Ashley,a.hardy621@yahoo.com,277521694
Caroline,c.peck389@msn.com,549664940
Philip,p.knoll445@hotmail.co.uk,633914415
Nancy,n.wallis908@gmail.com,885415101
Ervin,e.leone84@hotmail.co.uk,545050718
Morgan,m.barba892@gmail.com,020515607
Angelo,a.almonte873@aol.com,169098391
Rex,r.johnsen865@gmail.com,241304974
Glen,g.ashby689@hotmail.co.uk,412770543
Christine,c.heflin542@msn.com,413756272
Kurt,k.windham622@yahoo.com,014159250
Vincent,v.carreon97@hotmail.co.uk,070903121
Alessandro,a.ivey886@msn.com,506211024
Dayana,d.london188@aol.com,177722177
Cindy,c.layne96@aol.com,718825537
Jamel,j.starr577@hotmail.com,683491575
Byron,b.slone458@yahoo.com,218298068
Liza,l.lilley546@hotmail.co.uk,073817617
Emilio,e.levesque910@aol.com,033525459
Karson,k.ballesteros443@msn.com,507060618
Virginia,v.smart853@aol.com,076377171
Samir,s.lyle396@hotmail.com,439169772
Rowan,r.granados474@msn.com,671334029
Vance,v.son335@gmail.com,091330323
Quintin,q.decker758@hotmail.com,482134290
Kari,k.skidmore999@yahoo.com,221337076
Jefferson,j.otero541@msn.com,792799026
Muhammad,m.outlaw407@hotmail.co.uk,846869214
Joe,j.rubin843@hotmail.com,458209549
Floyd,f.shirley624@msn.com,047811087
Loretta,l.aranda62@hotmail.com,751396866
Earnest,e.tilton178@yahoo.com,820245204
Prince,p.mcwilliams486@hotmail.co.uk,867075470
Omar,o.hoch903@hotmail.com,110599915
Avery,a.scanlon148@hotmail.co.uk,705305488
Nicolette,n.saldana439@hotmail.co.uk,357504446
Lauren,l.alcala667@gmail.com,478933950
Kaila,k.gainey731@aol.com,152837110
Randolph,r.newby295@hotmail.co.uk,229891406
Susana,s.stockton783@hotmail.com,789313624
Elijah,e.steinmetz321@hotmail.co.uk,841934158
Gracie,g.camacho581@hotmail.com,004323860
Curtis,c.devine130@gmail.com,662554912
Zechariah,z.covert445@msn.com,101240291
Ericka,e.fredericks172@yahoo.com,276999850
Austen,a.hannah223@yahoo.com,407341514
Anissa,a.potter208@hotmail.com,508015433
Amari,a.arenas387@hotmail.co.uk,132972539
Hailey,h.skaggs500@aol.com,040862742
Krista,k.mullins142@hotmail.com,211200977
Kori,k.guillen133@hotmail.co.uk,550999747
Shelley,s.forbes182@yahoo.com,687652037
Mollie,m.crews613@aol.com,071588212
Keely,k.gates445@hotmail.co.uk,216928728
Glenda,g.bauman195@hotmail.co.uk,723399571
Marisol,m.pruitt466@hotmail.co.uk,861645728
Donte,d.horowitz606@msn.com,271739769
Rebecca,r.newsome285@hotmail.co.uk,645596873
Mekhi,m.kraus198@hotmail.com,724541259
Larissa,l.strand484@hotmail.com,273454401
Kaelyn,k.garvey278@aol.com,342802859
Chase,c.bellamy184@gmail.com,264471208
Rachel,r.crawford616@gmail.com,160426976
Pete,p.phelan117@hotmail.co.uk,192184940
Louis,l.huff349@hotmail.com,175542734
Caitlyn,c.hogan518@gmail.com,596801210
Patrice,p.harbin701@hotmail.com,434563124
Timothy,t.goins849@gmail.com,425239134
Ashley,a.espino16@msn.com,258514005
Esther,e.beeler937@msn.com,804989703
Mike,m.duggan973@msn.com,683168950
Colin,c.matteson280@hotmail.com,512625811
Catherine,c.arenas88@hotmail.co.uk,882981718
Cedric,c.dao243@msn.com,325134555
Danielle,d.newland995@hotmail.com,528556315
Rico,r.siegel46@aol.com,519707873
Alana,a.talbot790@hotmail.com,006626464
Xander,x.quach73@yahoo.com,111889655
Charlotte,c.hernandes972@gmail.com,139339685
Miriam,m.napolitano650@gmail.com,862725621
Noah,n.cockrell41@hotmail.co.uk,099032818
Karissa,k.shipley185@gmail.com,514890607
Byron,b.comer798@yahoo.com,319282730
Abraham,a.thrasher761@hotmail.co.uk,569622948
Grady,g.block333@hotmail.co.uk,439410397
Amanda,a.bowden358@msn.com,589877743
Jerome,j.zook831@msn.com,236693043
Damion,d.harrington382@gmail.com,488798289
Lucy,l.radford681@hotmail.co.uk,019509000
Aimee,a.cardwell191@gmail.com,617253675
Ignacio,i.drummond440@yahoo.com,134552855
Stacy,s.ridenour279@aol.com,761511124
Owen,o.herzog792@aol.com,125113833
Cameron,c.valenzuela135@gmail.com,060834240
Leah,l.paz656@aol.com,071060168
Timmy,t.loveless491@yahoo.com,339270789
Marsha,m.hutchings785@yahoo.com,585442698
Dewayne,d.miller607@msn.com,746202519
Earnest,e.baca640@hotmail.com,140162189
Easton,e.cheng800@aol.com,700920355
Jermaine,j.wentworth538@gmail.com,251731270
Ruben,r.deloach334@gmail.com,027036706
Zachery,z.winters920@msn.com,587828827
Mitchel,m.palacio172@gmail.com,509048304
Ramona,r.farrell579@msn.com,351859426
Amie,a.metzler794@aol.com,366850168
Michaela,m.duffy767@gmail.com,879191846
Jovan,j.lazo659@gmail.com,764751703
Jazmine,j.nava706@hotmail.com,479523494
Brittani,b.wyman880@gmail.com,740221017
Leila,l.humphries677@aol.com,778456934
Brendan,b.dale222@hotmail.co.uk,566516925
Van,v.dalton324@msn.com,585182584
Brooklynn,b.bunting862@msn.com,349615917
Ashley,a.nutt593@hotmail.com,652704196
Douglas,d.fields0@hotmail.com,059934524
Ayden,a.wilder236@msn.com,294366086
Emilia,e.laporte119@yahoo.com,662106989
Ellis,e.leger98@yahoo.com,632861223
Jaylen,j.dove955@hotmail.co.uk,410718317
Evangeline,e.lieberman505@hotmail.co.uk,869183642
Shannon,s.roller670@gmail.com,073958064
Alberto,a.homan321@aol.com,176476966
Winston,w.moua125@msn.com,694740388
Reynaldo,r.hollis464@msn.com,809065551
Rudy,r.connor275@hotmail.co.uk,850094723
Jude,j.seitz183@msn.com,484046584
Clifford,c.jeter447@hotmail.com,667524233
Bryant,b.grim446@hotmail.co.uk,553073020
Landen,l.steinberg155@msn.com,230369684
Elisha,e.nadeau957@aol.com,129923047
Adrian,a.prewitt1@hotmail.co.uk,020919943
Stacey,s.torres306@aol.com,470252894
Irving,i.alfaro169@hotmail.co.uk,870873716
Alexis,a.owens515@hotmail.com,554669852
Reagan,r.lemon809@hotmail.com,764065124
Iris,i.heinrich883@gmail.com,534530420
Estrella,e.asbury324@msn.com,736947140
Hollie,h.mcclendon182@aol.com,542028059
Janna,j.schweitzer468@hotmail.com,766561150
Reese,r.valenti932@yahoo.com,428057353
Rachel,r.cano476@hotmail.co.uk,320500239
Ellen,e.wheat87@gmail.com,190293793
Keisha,k.montero345@hotmail.co.uk,473730013
Kristofer,k.weis721@yahoo.com,424657659
Malachi,m.andersen867@hotmail.co.uk,396804884
Clinton,c.deluca306@yahoo.com,338510923
Monte,m.pope394@yahoo.com,409186807
Darryl,d.zielinski543@yahoo.com,397837271
Micah,m.mill137@yahoo.com,886196205
Zachariah,z.stevenson61@aol.com,113294419
Andrew,a.bratcher354@gmail.com,336555624
Sebastian,s.montemayor659@hotmail.co.uk,218029015
Gwendolyn,g.means510@yahoo.com,347889519
Hollie,h.farrar321@hotmail.com,749073387
Harry,h.iglesias579@aol.com,743540490
Alan,a.jansen278@hotmail.co.uk,768167897
Trinity,t.johnston636@gmail.com,623575371
Leland,l.mcgee892@hotmail.com,135928548
Alvin,a.tindall665@yahoo.com,832428635
Howard,h.albers342@hotmail.com,634511394
Maurice,m.saldana5@hotmail.com,444447750
Bruno,b.gallegos735@hotmail.com,043151865
Elliott,e.stanley994@hotmail.co.uk,615951469
Rafael,r.coppola143@msn.com,078295385
Jairo,j.hutson826@msn.com,800518300
Alma,a.teague329@aol.com,078096119
Kerry,k.means1@yahoo.com,562094429
Clark,c.redd603@yahoo.com,445284625
Margaret,m.klinger742@aol.com,686665652
Melvin,m.burd891@yahoo.com,042835810
Chaim,c.jenson426@msn.com,377762340
Madalyn,m.leal891@msn.com,413261703
Kurtis,k.spellman387@hotmail.co.uk,070193396
Kinley,k.nagle461@hotmail.com,449898756
Mohammad,m.bock208@hotmail.com,609918968
Brooklynn,b.gaddy740@aol.com,423120164
Gabriel,g.markley353@yahoo.com,155926435
Wilfredo,w.pritchard18@aol.com,817875284
Anastasia,a.trahan395@msn.com,048219042
Debbie,d.pritchett523@aol.com,100130852
Sage,s.gold8@hotmail.com,416607389
Catherine,c.huffman258@hotmail.co.uk,531713005
Andy,a.brand70@yahoo.com,190463299
Jamal,j.finney297@hotmail.com,387330611
Addison,a.valverde476@yahoo.com,142886864
Randall,r.greenberg419@hotmail.co.uk,052295126
Kari,k.blankenship426@aol.com,667020588
Christopher,c.almond819@msn.com,151292908
Phoebe,p.sigler211@hotmail.co.uk,059092122
Devon,d.page789@hotmail.com,001188558
Kamryn,k.orlando669@aol.com,203916788
Shawn,s.still305@yahoo.com,692975697
Ruben,r.thayer677@hotmail.com,607876700
Edgar,e.burdette368@aol.com,359347600
Shawna,s.lott665@aol.com,022518152
Zane,z.register164@aol.com,381534503
Aldo,a.glenn640@yahoo.com,424592428
Karla,k.hubert834@hotmail.co.uk,024861964
Giancarlo,g.huber872@yahoo.com,113044926
Quinn,q.balderas136@gmail.com,612123583
Luther,l.major525@gmail.com,562567871
Tate,t.wolff13@hotmail.co.uk,269660461
Bo,b.mccune538@yahoo.com,754466132
Levi,l.amaral300@hotmail.co.uk,513847514
Guadalupe,g.fortin281@yahoo.com,451130014
Paisley,p.dockery179@gmail.com,534508257
Cristopher,c.marion767@gmail.com,705311943
Nickolas,n.stephen313@hotmail.co.uk,277082157
Christen,c.haddock802@hotmail.co.uk,344480456
Latasha,l.samson369@yahoo.com,094499211
Vicki,v.cepeda800@aol.com,291584626
Bernardo,b.aceves950@hotmail.com,859561177
Marie,m.morehead104@yahoo.com,352452291
Rylie,r.blue128@msn.com,785958611
Tiana,t.pagano779@hotmail.co.uk,512374322
Ryker,r.raynor474@gmail.com,265399409
Abraham,a.bianchi851@gmail.com,245309901
Susan,s.merkel160@hotmail.com,840153328
George,g.carranza660@hotmail.co.uk,484896374
Breana,b.jeffries915@msn.com,802785833
Camille,c.herron448@gmail.com,573065025
Waylon,w.woodson750@gmail.com,432133379
Lilly,l.casey876@hotmail.com,220165435
Baylee,b.sanchez940@hotmail.com,593074450
Brayan,b.becker960@hotmail.co.uk,658718537
Darlene,d.beeler860@msn.com,010252578
Suzanne,s.ruffin660@msn.com,034696684
Ana,a.keefe176@yahoo.com,228162191
Ricardo,r.bethel156@hotmail.co.uk,360798242
Kaley,k.bateman575@yahoo.com,095203083
Shane,s.vollmer323@hotmail.co.uk,168361761
Kai,k.carmona905@hotmail.com,588361784
Melissa,m.schmidt904@yahoo.com,606428242
Thomas,t.monk42@msn.com,859675479
Van,v.mahan628@aol.com,238540778
Trevor,t.albright959@hotmail.com,104288902
Katy,k.stclair789@aol.com,484713512
Bronson,b.ritchie512@aol.com,769363199
Leann,l.witte720@aol.com,026403541
Chase,c.laplante71@aol.com,393376350
Myles,m.jordan527@yahoo.com,188821431
Maximus,m.dyson661@gmail.com,019485646
Haylee,h.copeland26@hotmail.co.uk,274578415
Nick,n.mateo778@hotmail.com,698810058
Felix,f.chisholm721@hotmail.com,573627439
Krista,k.carver52@msn.com,031529166
Bethany,b.schrader829@hotmail.co.uk,567144622
Kristine,k.angel158@gmail.com,586864924
Hillary,h.montero583@msn.com,373641936
Zackary,z.donahue34@msn.com,386858227
Kennedy,k.muller284@yahoo.com,898846559
Jayme,j.lapointe341@msn.com,414505765
Vernon,v.polk679@hotmail.com,030371055
Erica,e.wilt949@hotmail.com,554357203
Marsha,m.willett883@hotmail.com,477248299
Danica,d.daily778@msn.com,649758154
Cordell,c.hester332@gmail.com,206550380
Logan,l.palumbo398@msn.com,331323926
Barrett,b.mixon431@gmail.com,273090205
Evan,e.smith574@hotmail.co.uk,896264893
Tiana,t.poston192@gmail.com,851951043
Angelica,a.davey525@msn.com,413835561
Johnny,j.ralston47@yahoo.com,681898125
Yvonne,y.hatton877@msn.com,391755451
Brenden,b.dailey583@aol.com,058431341
Natalie,n.blank700@hotmail.com,137450277
Johnny,j.keiser66@yahoo.com,798699925
Jared,j.schwab878@aol.com,475687063
Rachel,r.dickson314@hotmail.com,746487713
Dean,d.beardsley767@gmail.com,445908032
Annabelle,a.rockwell395@aol.com,740686794
Tim,t.mcpherson71@yahoo.com,347498172
Rebecca,r.logue197@hotmail.com,304225945
Lizette,l.broughton187@gmail.com,074795732
Maximus,m.horan466@hotmail.com,569039185
Rudy,r.thorne154@msn.com,239663127
Kimberlee,k.emerson778@aol.com,825318816
Laura,l.mclaughlin197@hotmail.co.uk,418711997
Chloe,c.horn224@msn.com,021074649
Maximiliano,m.hickman453@yahoo.com,716795011
Hailey,h.pullen821@aol.com,277097356
Brayan,b.hill527@msn.com,716052653
Crystal,c.bolton973@hotmail.com,670543577
Ryland,r.ames152@hotmail.com,082280833
Anita,a.malcolm881@yahoo.com,346426614
Reece,r.deyoung880@aol.com,495688566
April,a.derosa27@hotmail.co.uk,027267811
Hudson,h.oconnell394@msn.com,855080251
Ethan,e.goddard925@hotmail.com,416975159
Lillian,l.medina820@aol.com,176663787
Mason,m.mcduffie43@gmail.com,522986502
Emerson,e.price28@yahoo.com,406026388
Nadia,n.camp649@msn.com,575713823
Alayna,a.ashe529@msn.com,517987632
Ashton,a.isaac257@hotmail.co.uk,804634713
Jon,j.needham864@msn.com,342783131
Alayna,a.kuehn223@yahoo.com,680146522
Braylen,b.feliciano249@gmail.com,897516815
Marion,m.gorski250@hotmail.co.uk,181419111
Alden,a.lugo436@hotmail.co.uk,471614365
Porter,p.mccorkle497@aol.com,761221441
Alfred,a.cousins887@hotmail.com,599612143
Ryland,r.fry347@hotmail.co.uk,263534628
Ashton,a.carnes769@aol.com,415869406
Vaughn,v.freund598@aol.com,369378776
Reed,r.hutton989@gmail.com,061339754
Justice,j.charles484@hotmail.com,674287449
Adriel,a.girard687@hotmail.co.uk,061773043
Lily,l.pickard527@msn.com,464037981
Garret,g.cepeda715@hotmail.com,682218070
Ada,a.irizarry155@msn.com,725224065
Kendall,k.grider798@aol.com,117193554
Gerald,g.stanley377@aol.com,382915327
Jose,j.estevez119@hotmail.co.uk,480817300
Scotty,s.lawler965@yahoo.com,221773072
Bryant,b.cha916@msn.com,253118873
Meaghan,m.magana597@msn.com,800182902
Rocco,r.fishman947@hotmail.co.uk,170509195
Casandra,c.roller252@yahoo.com,148996687
Mackenzie,m.mathes498@hotmail.co.uk,057983567
Adrien,a.herndon503@aol.com,827615242
Cesar,c.underhill407@yahoo.com,647064353
Scarlett,s.markley813@aol.com,258264348
Madilyn,m.mertz236@yahoo.com,130750943
Jett,j.lane406@msn.com,417622165
Trisha,t.mccollum769@aol.com,787229189
Timmy,t.marlow440@hotmail.com,671663040
Benjamin,b.lusk461@hotmail.co.uk,634413404
Paris,p.drake69@hotmail.com,259234745
Donavan,d.grantham555@hotmail.co.uk,176481119
Estevan,e.mackenzie975@hotmail.com,191138281
Rachel,r.beckett922@hotmail.co.uk,423966848
Bryant,b.engel815@gmail.com,656593810
Davis,d.kelso524@aol.com,319685436
Devin,d.nesbitt564@gmail.com,310914755
Tamika,t.ricks950@gmail.com,787887151
Kaitlin,k.ingle816@msn.com,061675700
Janie,j.parnell465@aol.com,217046894
Stella,s.rubio459@hotmail.com,014026108
Ryker,r.keeling253@yahoo.com,421446927
Alessandra,a.boggs656@aol.com,787925254
Quintin,q.kozak562@hotmail.co.uk,782734050
Roger,r.nicholson909@hotmail.com,829183367
Kareem,k.irizarry251@msn.com,071742816
Cohen,c.major580@hotmail.co.uk,822451467
Nico,n.yost546@yahoo.com,847677229
Alison,a.smallwood832@hotmail.co.uk,448794425
Max,m.hite952@hotmail.co.uk,862146898
Delilah,d.godoy293@msn.com,514754469
Joanne,j.orellana734@aol.com,638187642
Beau,b.fay993@yahoo.com,186588137
Desmond,d.nesbitt597@msn.com,601792027
Felix,f.brand539@aol.com,190504570
Makenzie,m.bergeron405@yahoo.com,426665411
June,j.spann315@msn.com,528032884
Raheem,r.christenson179@hotmail.com,109687870
Kirk,k.fang787@gmail.com,683743546
Ava,a.valente563@hotmail.co.uk,354134648
Peyton,p.darr923@gmail.com,653520618
Marlee,m.pettis779@gmail.com,707229683
Marjorie,m.tierney32@gmail.com,463534141
Jenifer,j.griffin677@msn.com,588976360
Trevon,t.harms699@hotmail.co.uk,052744977
Tucker,t.michel890@msn.com,470659822
Jovan,j.yoon172@yahoo.com,721743697
Asia,a.yi732@yahoo.com,768524528
Ann,a.holliday239@yahoo.com,204909587
Reagan,r.foreman59@msn.com,005812439
Khalil,k.bostick846@gmail.com,186084678
Meaghan,m.shearer168@hotmail.co.uk,892026304
Alena,a.gaytan529@msn.com,656876833
Jacklyn,j.elliot439@msn.com,187095009
Christine,c.griggs694@msn.com,777625215
Ayanna,a.osullivan116@hotmail.com,411151077
Quintin,q.sessions221@msn.com,670614467
Karter,k.freeman951@aol.com,541970742
Bentley,b.odonnell434@msn.com,537719336
India,i.lott757@yahoo.com,315805446
Nathan,n.snipes397@gmail.com,296396655
Sophie,s.rupp733@gmail.com,786843992
Layne,l.cronin906@hotmail.co.uk,517744783
Connor,c.mott804@hotmail.co.uk,479218515
Cortney,c.mills821@aol.com,225287029
Haley,h.ainsworth117@gmail.com,629920478
Warren,w.meador476@gmail.com,718664248
Oscar,o.larios545@hotmail.com,799261671
Will,w.hildreth659@hotmail.com,348150919
Samantha,s.bartels119@gmail.com,107286736
Jasmin,j.ezell237@hotmail.com,422554732
Patrick,p.ahern779@msn.com,812518309
Shanna,s.howe506@hotmail.com,283620107
Harold,h.batten735@yahoo.com,073950318
Caroline,c.cabrera302@msn.com,387699717
Jennifer,j.bonner224@hotmail.com,270487535
Pedro,p.morse390@hotmail.co.uk,886452484
Regina,r.flynn558@msn.com,717111738
Ashly,a.pippin651@gmail.com,626908511
Antony,a.houser655@aol.com,306681754
Rogelio,r.bunker515@yahoo.com,622730155
Talon,t.hinojosa699@hotmail.com,051787064
Janice,j.talley780@yahoo.com,649591660
Imani,i.kaur292@yahoo.com,651620923
Trace,t.runyon676@yahoo.com,382786861
Triston,t.breedlove689@hotmail.com,224776310
Kory,k.franz749@yahoo.com,654711917
Carissa,c.andersen824@hotmail.com,383847569
Devin,d.arredondo537@yahoo.com,574238747
Londyn,l.howerton660@msn.com,045662509
Christy,c.clay576@yahoo.com,553182426
Danielle,d.tackett68@hotmail.co.uk,550611049
Haleigh,h.greco668@msn.com,567086531
Madelyn,m.hildreth408@msn.com,805054073
Garrison,g.richter165@msn.com,550053245
Lydia,l.craddock554@hotmail.co.uk,091619717
Katie,k.raney526@yahoo.com,075573858
Annabelle,a.benson649@hotmail.co.uk,859113086
Kayla,k.york726@yahoo.com,251747290
Loren,l.neuman409@gmail.com,702954861
Chasity,c.schofield655@gmail.com,075858263
Kara,k.white675@aol.com,474980991
Kennedy,k.mullen464@msn.com,752659301
Alissa,a.mcmurray456@yahoo.com,301119065
Desmond,d.gray613@hotmail.com,287949182
Malik,m.sands781@msn.com,741816567
Dominic,d.ballew490@aol.com,828517138
Trina,t.kruger819@yahoo.com,732193297
Devon,d.ulloa78@hotmail.com,044895555
Leann,l.camp417@msn.com,747545171
Noemi,n.enos704@hotmail.co.uk,422648334
Micah,m.sprouse587@aol.com,004068634
Darlene,d.bartlett72@hotmail.co.uk,057116240
Freddy,f.hume389@hotmail.com,639756850
Kurtis,k.ezell411@hotmail.co.uk,491476003
Jesus,j.fuchs952@msn.com,726116087
Sam,s.barringer691@yahoo.com,397556271
Marques,m.serna78@msn.com,108304289
Devonte,d.morrow164@gmail.com,638566915
Bennie,b.harrelson924@msn.com,671135199
Julius,j.coyne178@yahoo.com,489272077
Hans,h.valladares111@gmail.com,609102219
Sandy,s.lane548@aol.com,007090158
Pete,p.esposito438@yahoo.com,880666038
Angela,a.conway358@msn.com,654207021
Monica,m.wooden725@hotmail.com,807335620
Silas,s.lozano296@msn.com,841194386
Natalie,n.gavin586@hotmail.co.uk,357270640
Cecil,c.lowe102@hotmail.co.uk,090781414
Tyrese,t.cunningham991@msn.com,837071004
Princess,p.ojeda59@msn.com,679459985
Kyla,k.padilla120@hotmail.co.uk,449192000
Elias,e.usher53@msn.com,417963076
Doris,d.vann442@yahoo.com,850544136
Jax,j.grant295@yahoo.com,524316211
Lori,l.reddick100@hotmail.co.uk,210444073
Alec,a.grimm340@aol.com,837081900
Eric,e.wyatt170@yahoo.com,218171567
Darryl,d.bartlett349@hotmail.co.uk,181304017
Kenzie,k.mears820@hotmail.com,641752712
Salvador,s.lara674@hotmail.com,763965665
Moriah,m.radford227@yahoo.com,783829930
Marques,m.healey174@yahoo.com,683526580
Pierre,p.holloman130@yahoo.com,475327682
Tina,t.sanders188@yahoo.com,076136277
Oscar,o.williams762@hotmail.com,692032104
Garret,g.morrissey796@msn.com,428161980
Vicky,v.strauss158@aol.com,129687054
Melanie,m.schnell672@hotmail.co.uk,767892661
Dominik,d.tabor97@msn.com,517051098
Beatrice,b.boatwright83@hotmail.com,234646264
Jamar,j.odom633@msn.com,860305344
Bruce,b.everhart121@msn.com,855072751
Ryleigh,r.barfield4@hotmail.co.uk,805625471
Easton,e.grady857@yahoo.com,082314014
Ashlyn,a.hannah762@gmail.com,079282218
Cora,c.pascual420@gmail.com,315611032
Kiera,k.loftis112@hotmail.co.uk,333280105
Gino,g.devries891@yahoo.com,532035957
Dusty,d.ohara6@gmail.com,478482369
Alexa,a.brockman47@msn.com,119556200
Gilbert,g.whitlow572@hotmail.com,205967522
Adrian,a.granger616@aol.com,268833814
Adonis,a.machado580@msn.com,716097970
Janae,j.bogan96@yahoo.com,469768743
Jimmy,j.ngo165@hotmail.co.uk,674128368
Krista,k.hardwick177@gmail.com,121596746
Dillon,d.scully344@hotmail.com,536986347
Sara,s.oleary660@yahoo.com,303589264
Michelle,m.beeler798@yahoo.com,730883999
Katharine,k.buell247@aol.com,711441541
Stacey,s.mayberry325@gmail.com,665062787
Nyla,n.whiting157@aol.com,889561287
Josie,j.madsen452@hotmail.co.uk,439157643
Braylen,b.teague98@hotmail.co.uk,782414035
Gail,g.masters229@hotmail.co.uk,777744919
Jadyn,j.dvorak96@yahoo.com,543492882
Brenden,b.fryer773@yahoo.com,279354370
Mikaela,m.lu971@hotmail.com,182359641
Angelique,a.mathis559@aol.com,675862494
Lucille,l.conklin623@gmail.com,615567122
Jeffrey,j.butts779@yahoo.com,115612275
Kerri,k.bolin150@yahoo.com,555313399
Ebony,e.noble644@hotmail.com,062290475
Isaiah,i.monaghan169@hotmail.co.uk,076509767
Dante,d.prado200@gmail.com,320667261
Jay,j.bartholomew994@yahoo.com,502468955
Stephon,s.harlan87@msn.com,070866800
Isabelle,i.mcclanahan409@msn.com,676963216
Deana,d.goldstein72@hotmail.co.uk,814746214
Jessie,j.stearns757@yahoo.com,594191027
Ashlyn,a.odonnell604@hotmail.co.uk,871274036
Marcia,m.frye625@hotmail.com,175146247
Kali,k.hull458@aol.com,719539163
Dayton,d.burdick736@hotmail.com,048756556
Ada,a.serna952@hotmail.com,853061466
Dominick,d.taylor815@aol.com,713105699
Kristian,k.farrington863@hotmail.co.uk,171386680
Deja,d.guajardo810@msn.com,078150811
Jim,j.souza42@hotmail.co.uk,034560372
Alejandra,a.cutler620@hotmail.co.uk,339762143
Floyd,f.rivera71@yahoo.com,055615158
Sage,s.ralston571@aol.com,491194371
Nathanial,n.fee25@hotmail.com,356866826
Tabitha,t.hays206@hotmail.com,246553905
Johnathan,j.aldridge502@gmail.com,464651977
Robin,r.marlow839@gmail.com,202325285
Wyatt,w.gifford309@gmail.com,649523764
Darrius,d.otoole639@aol.com,503652124
Breana,b.ivy25@msn.com,873246049
Maya,m.ogden630@aol.com,625874892
Philip,p.tafoya966@hotmail.co.uk,517881215
Rosalie,r.bolen856@msn.com,748972137
Donald,d.casanova52@hotmail.com,457583768
Nick,n.garris923@aol.com,158474781
Peggy,p.jenkins667@hotmail.com,034995429
Roy,r.ryder868@msn.com,241235533
Kristal,k.ochoa81@hotmail.co.uk,127355075
Yasmin,y.slagle95@hotmail.co.uk,271935099
Ariel,a.chong275@hotmail.com,088405268
Kaleigh,k.enos767@yahoo.com,166052995
Darian,d.holbert796@msn.com,195866763
Maximilian,m.potts281@gmail.com,575494611
Gerardo,g.budd617@hotmail.com,822562270
Layla,l.carman96@hotmail.co.uk,498493495
Maddison,m.guthrie728@hotmail.com,056949527
Rolando,r.metzger563@yahoo.com,833350350
Conor,c.mccullough517@aol.com,422508201
Izabella,i.weller41@aol.com,065470384
Kenya,k.fisher491@aol.com,293709294
Esther,e.snodgrass768@hotmail.co.uk,659399135
Nickolas,n.schreiner549@hotmail.com,829660739
Lesly,l.bess143@yahoo.com,294786847
Kiana,k.barfield491@hotmail.com,316892573
Ashton,a.loomis867@hotmail.com,139692817
Jack,j.farrow573@aol.com,661110557
Shayla,s.brady773@gmail.com,101454427
Gary,g.guzman312@aol.com,348458241
Cherie,c.sheehan11@msn.com,420434032
Elaina,e.turnbull867@hotmail.com,194212824
Dennis,d.searcy214@hotmail.com,454057171
Shannon,s.friend635@yahoo.com,554292199
Claudia,c.welborn798@hotmail.co.uk,879045100
Demarcus,d.hart782@aol.com,197865328
Mohammad,m.gooch149@msn.com,049820515
Chance,c.chaffin977@hotmail.co.uk,554364416
Barry,b.enos149@hotmail.com,285024016
Lamont,l.gantt632@gmail.com,717222759
Taryn,t.gauthier315@hotmail.com,391471946
Derick,d.enriquez707@yahoo.com,128905759
Andres,a.ferry517@gmail.com,657710605
Salvador,s.dix769@yahoo.com,645573508
Ulises,u.guarino140@aol.com,838855972
Hope,h.loomis878@aol.com,214242981
Marquise,m.davenport170@hotmail.co.uk,103891219
Jameson,j.harden613@msn.com,263591651
Stacy,s.jarvis214@hotmail.com,247608471
London,l.roe556@aol.com,271289386
Leticia,l.singh381@gmail.com,766047955
Riley,r.mattox633@hotmail.co.uk,092665206
Rico,r.duke309@aol.com,441745801
Erin,e.lew340@hotmail.com,229547717
Keira,k.ocampo575@gmail.com,749531499
Quinn,q.strunk5@hotmail.com,068972713
Myra,m.paris750@yahoo.com,841959029
Edgar,e.norwood411@hotmail.co.uk,873076021
Davon,d.bozeman780@hotmail.com,249478740
Leonardo,l.bello102@yahoo.com,049803745
Lauren,l.haynes172@hotmail.com,794389618
Ashton,a.mohamed846@aol.com,208089799
Sabrina,s.nguyen434@yahoo.com,041233625
Isabelle,i.cavanaugh986@hotmail.co.uk,550879719
Wallace,w.see193@hotmail.co.uk,527970060
Yvette,y.isom45@gmail.com,279058070
Nikita,n.mendes991@hotmail.co.uk,719991441
Marcel,m.mast247@aol.com,850359923
Ronnie,r.waters407@hotmail.com,206679258
Alaina,a.wilder796@hotmail.co.uk,699059387
Raymundo,r.mckenna714@aol.com,501701595
Ken,k.duckett129@hotmail.com,433983073
Viviana,v.conger963@hotmail.com,222972451
Melisa,m.garrison587@hotmail.com,578547755
Jaelyn,j.driscoll817@hotmail.co.uk,500441628
Helen,h.grande311@msn.com,878451727
Blanca,b.xiong368@hotmail.com,261992882
Jasper,j.henke285@hotmail.co.uk,041628439
Clifford,c.wade213@hotmail.com,334322153
Karly,k.ledford334@yahoo.com,127637750
Lindsey,l.barreto411@aol.com,289269998
Cyrus,c.yarbrough484@hotmail.com,230921777
Zachariah,z.pang487@aol.com,253250615
Skyler,s.sheets870@hotmail.com,786668656
Ebony,e.tong746@hotmail.com,856506787
Tayler,t.hedrick561@gmail.com,551202799
Bryanna,b.dodge445@aol.com,727963881
Barrett,b.escobedo562@hotmail.co.uk,567907829
Manuel,m.sullivan859@msn.com,070584200
Felicia,f.tarver780@hotmail.co.uk,334281081
Mandy,m.gaffney875@msn.com,248654526
Robert,r.lee19@yahoo.com,820901883
Serenity,s.gay689@yahoo.com,818832022
Logan,l.sayers830@msn.com,678525646
Jonathan,j.unger293@hotmail.com,895480726
Stephon,s.dial96@gmail.com,807289668
Aldo,a.newman153@aol.com,188615491
Van,v.maya925@hotmail.com,299698073
Nataly,n.fischer860@hotmail.com,703748547
Tristan,t.glasgow600@hotmail.com,084076533
Braeden,b.coles297@msn.com,378696359
Sophie,s.boland347@gmail.com,535185777
Gavin,g.pratt885@hotmail.co.uk,525472008
Jax,j.tindall99@gmail.com,679758526
Lacy,l.wiley30@yahoo.com,838055867
Richard,r.griggs983@yahoo.com,460130301
Edmund,e.schulze516@hotmail.com,774514981
Leonel,l.dockery916@gmail.com,167191960
Vaughn,v.mcnutt422@msn.com,547489048
Mary,m.tejeda689@hotmail.co.uk,827241052
Bennett,b.reddick544@yahoo.com,404636108
Alvin,a.hood377@hotmail.co.uk,857463466
Bennett,b.cleveland693@msn.com,063382784
Shannon,s.bader244@gmail.com,584209510
Albert,a.gooding579@msn.com,602694297
Erica,e.kay832@msn.com,300700531
Derick,d.showalter763@hotmail.co.uk,147357905
Danica,d.naranjo696@gmail.com,876439232
Audra,a.henson480@yahoo.com,675834715
Rochelle,r.sipes401@hotmail.com,680500208
Yadira,y.zaragoza403@msn.com,460876068
Sonja,s.mcqueen14@yahoo.com,693225218
Darla,d.medeiros5@hotmail.co.uk,249512744
Madalyn,m.flanders44@hotmail.com,209316299
Fred,f.schaefer670@gmail.com,667414289
Yolanda,y.villagomez43@yahoo.com,090991032
Donte,d.atwood869@msn.com,478013337
Donte,d.strange449@yahoo.com,663410954
Esmeralda,e.smallwood906@gmail.com,461531310
Jennifer,j.rhoads566@hotmail.com,329329145
Candace,c.faber286@gmail.com,793831353
Bobbi,b.crane134@gmail.com,503889101
Madyson,m.handy650@gmail.com,345287526
Rory,r.hargrave170@hotmail.com,137183151
Ramiro,r.cardoza385@yahoo.com,305077841
Tyrell,t.lilley239@yahoo.com,154911420
Rhett,r.kiefer944@hotmail.co.uk,593116574
Gerard,g.whatley611@yahoo.com,261769410
Ian,i.whitfield334@msn.com,654671986
Harmony,h.byron191@hotmail.com,318352859
Shelley,s.erwin574@aol.com,555228591
Osvaldo,o.pryor630@msn.com,329720260
Nadia,n.gaona504@gmail.com,614799233
Carolyn,c.hahn419@hotmail.co.uk,283176249
Emanuel,e.mcgrew641@hotmail.co.uk,308073298
Pete,p.pickering902@hotmail.co.uk,309527579
Brayan,b.baez243@hotmail.co.uk,808778910
Stephanie,s.flanders712@aol.com,632749473
Hector,h.jernigan913@msn.com,344898587
Sophia,s.whittaker949@aol.com,497289856
Camden,c.royal472@aol.com,296148411
Marc,m.harrington840@hotmail.co.uk,774367139
Stephen,s.todd144@aol.com,673869246
Frankie,f.delgadillo750@hotmail.co.uk,233196112
Micah,m.pinkston923@gmail.com,250110818
Georgia,g.sheehan989@yahoo.com,038193856
Brian,b.badillo571@gmail.com,648401579
Cheyenne,c.batista824@msn.com,242235363
Piper,p.yee952@msn.com,867497033
Hunter,h.herndon684@msn.com,243984249
Rebekah,r.fenner741@aol.com,805780239
Jarrett,j.pickett435@yahoo.com,629352201
Jack,j.angeles654@yahoo.com,852727955
Riley,r.carl773@hotmail.com,664790199
Irma,i.vance842@aol.com,343055192
Kurt,k.zink98@aol.com,478933584
River,r.bianco223@yahoo.com,174010480
Destinee,d.beers877@aol.com,726404981
Anthony,a.steen903@gmail.com,391062653
Ximena,x.custer97@hotmail.com,354520259
Juan,j.briley881@yahoo.com,514634568
Nicolette,n.prater494@aol.com,304116163
Norman,n.jessup964@hotmail.com,432803524
Chloe,c.poland753@gmail.com,397831739
Skye,s.black875@yahoo.com,303294432
Maverick,m.mcfarland113@msn.com,557026834
Itzel,i.garay741@yahoo.com,338927264
Angelina,a.baxley263@gmail.com,706605279
Kolby,k.shirley717@hotmail.com,510421478
Cason,c.strunk149@hotmail.com,280390465
Uriah,u.pomeroy492@yahoo.com,828397904
Terry,t.jung17@gmail.com,818179308
Jean,j.amundson827@aol.com,622377696
Connie,c.clifford595@yahoo.com,496512317
Josiah,j.frame567@gmail.com,261569099
Keaton,k.reece823@msn.com,113442394
Meredith,m.valentin294@yahoo.com,128145069
Collin,c.shanks731@msn.com,650977502
Jadon,j.bowser975@msn.com,346977320
Annabelle,a.pettis243@hotmail.com,248022015
Ann,a.nye790@aol.com,019541284
Kimberlee,k.arce24@msn.com,173376344
Dianna,d.garrison158@yahoo.com,504116333
Reed,r.sorrell908@hotmail.com,136217999
Erica,e.baugh203@msn.com,739978755
Alonzo,a.connell712@yahoo.com,001255878
Reyna,r.ackerman843@msn.com,097879048
Duncan,d.miner996@yahoo.com,433599606
Maranda,m.cardona806@aol.com,896924192
Ramon,r.dickens913@msn.com,596612740
Rohan,r.mull263@hotmail.co.uk,882527190
Elliott,e.velez299@yahoo.com,847694750
Darrius,d.agee416@gmail.com,471745207
Ryland,r.markham569@hotmail.co.uk,489263472
Benito,b.barr289@yahoo.com,896616768
Mckayla,m.henry895@gmail.com,443524047
Isis,i.candelaria794@hotmail.co.uk,783581847
Shari,s.harbin321@msn.com,396164217
Harmony,h.hutchinson424@yahoo.com,553586524
Khalil,k.geyer899@hotmail.com,884442189
Nathanial,n.livingston305@hotmail.com,716745167
Luther,l.scanlon964@hotmail.co.uk,123768773
Elena,e.meister609@aol.com,776245398
Malik,m.paz509@aol.com,230303281
Rickey,r.saldivar495@hotmail.co.uk,435903809
Evan,e.baird83@hotmail.com,802357622
Kelvin,k.winchester105@hotmail.com,599330439
Melanie,m.reddick208@hotmail.co.uk,434165602
Jason,j.kidwell562@hotmail.co.uk,291954351
Melanie,m.alford289@yahoo.com,796502988
Annie,a.obrien934@msn.com,589628487
Michelle,m.melendez326@gmail.com,536528763
Dashawn,d.freeman989@gmail.com,713999217
Aimee,a.scruggs246@hotmail.com,011770739
Janie,j.valle784@hotmail.com,218568363
Ginger,g.mace525@hotmail.com,654998343
Esteban,e.scully372@msn.com,685609445
Cyrus,c.mcdaniel315@hotmail.co.uk,813672574
Karina,k.williford536@gmail.com,525083441
Brody,b.macon817@aol.com,027496341
Korey,k.bailey491@gmail.com,659472343
Abbigail,a.breen276@yahoo.com,879988290
Armani,a.woodson708@yahoo.com,830671146
Glen,g.tavarez808@gmail.com,510563256
Ethan,e.yi906@gmail.com,040087702
Sherri,s.zamora490@hotmail.co.uk,589120173
Weston,w.milton526@aol.com,645060737
Jaylin,j.mccallum841@hotmail.com,031108231
Tonia,t.valentin305@hotmail.com,155336220
Earnest,e.yates855@aol.com,412787649
Yvonne,y.lemieux691@gmail.com,642683296
Carol,c.grubbs304@yahoo.com,443422159
Eliana,e.caldwell224@aol.com,512355846
Kristie,k.temple992@yahoo.com,844659594
Jaron,j.sears18@msn.com,320636434
Gerald,g.moeller111@yahoo.com,297908531
Kaitlynn,k.baker154@hotmail.co.uk,378057162
Ariana,a.richie959@hotmail.com,655274497
Lilian,l.shafer687@hotmail.co.uk,306370927
Jenifer,j.witte934@msn.com,483304307
Aubrie,a.fanning65@hotmail.com,433971489
Delia,d.healey32@hotmail.com,295993476
Daphne,d.colwell172@yahoo.com,651496905
Bradford,b.dion360@yahoo.com,592873445
Arthur,a.agee905@msn.com,685612023
Briana,b.wozniak747@hotmail.co.uk,774683114
Roderick,r.bahr532@yahoo.com,895990405
Tania,t.rossi956@yahoo.com,717586085
Christine,c.mackenzie62@msn.com,619589245
Emanuel,e.donald313@msn.com,217225039
Eve,e.mehta472@yahoo.com,113863810
Brice,b.chatman119@hotmail.co.uk,281961828
Nicolas,n.flannery538@aol.com,592121523
Kelly,k.mcconnell202@hotmail.com,385310332
Dominique,d.cary420@hotmail.co.uk,449923293
Bryce,b.beebe666@gmail.com,063254830
Kristal,k.blackmon59@gmail.com,329278144
Ashlyn,a.viera423@aol.com,291423846
Kingston,k.poole199@gmail.com,051490527
Cash,c.aldrich124@hotmail.com,488322041
Guillermo,g.spriggs210@yahoo.com,304503530
Rodolfo,r.epperson135@aol.com,348213375
Darin,d.wynn93@aol.com,643869899
Zoe,z.bergman333@yahoo.com,492825558
Lloyd,l.mays381@msn.com,313243550
Lillie,l.shafer841@aol.com,724134988
Shari,s.bustos261@msn.com,293136843
Porter,p.dugan310@msn.com,539113305
Cesar,c.markham560@gmail.com,682661140
Tyron,t.pettis980@gmail.com,376235711
Helena,h.troyer730@yahoo.com,534541718
Jordan,j.creel243@hotmail.com,085480107
Molly,m.acosta396@yahoo.com,169901483
Jody,j.lerma529@aol.com,163685960
Eduardo,e.gaspar243@aol.com,473523523
Lee,l.martinson994@aol.com,537311196
Makenzie,m.barlow966@gmail.com,285077822
Jamaal,j.deboer890@yahoo.com,180194797
Gunnar,g.stpierre984@hotmail.com,857105759
Hallie,h.clausen72@yahoo.com,010607471
Amari,a.jorgensen124@aol.com,011792430
Robin,r.breen897@gmail.com,205700296
Leland,l.burnside492@hotmail.co.uk,819936200
India,i.olson646@hotmail.co.uk,128210676
Casey,c.corral625@aol.com,580973638
Amir,a.bice250@yahoo.com,247997332
Kim,k.madsen32@gmail.com,414336751
Ayanna,a.mckeown904@hotmail.co.uk,655932044
Izabella,i.kane699@gmail.com,807021512
Miley,m.eason885@hotmail.com,323531169
Anthony,a.berman693@hotmail.com,574824578
Jarrod,j.stringer138@hotmail.co.uk,735486902
Maranda,m.lackey277@aol.com,458855099
Frankie,f.whelan482@hotmail.co.uk,404942787
Kathleen,k.broadway63@hotmail.co.uk,142277125
Norman,n.erdman99@hotmail.com,765145830
Dora,d.warden911@hotmail.com,632115386
Larry,l.harless732@msn.com,319508180
Lamont,l.pyles967@msn.com,706404196
Laura,l.copley664@gmail.com,400332119
Paige,p.haynes990@gmail.com,892159521
Shania,s.prewitt848@yahoo.com,547388163
Christina,c.almonte607@msn.com,650281302
Javier,j.sigler7@gmail.com,471322902
Tamara,t.rosenthal757@gmail.com,472498882
Kane,k.mcgee670@yahoo.com,171855318
Emmett,e.weeks17@hotmail.co.uk,631733302
Micaela,m.cherry973@aol.com,582956085
Cynthia,c.bartholomew984@aol.com,859668286
Jarrod,j.tomlin961@gmail.com,427307455
Cheri,c.gallagher771@hotmail.com,210172284
Zane,z.stahl617@yahoo.com,745351985
Jasmin,j.shaw819@msn.com,177870187
Omari,o.drury691@msn.com,616117040
Irene,i.devlin753@hotmail.co.uk,256157824
Shauna,s.smoot221@aol.com,888409093
Sarai,s.keck615@hotmail.co.uk,480105318
Jamie,j.aldridge225@hotmail.com,155757457
Cali,c.noland366@hotmail.co.uk,503573142
Greta,g.hackett517@msn.com,197828402
Mitchel,m.barnard663@aol.com,252955819
Guillermo,g.wiseman872@msn.com,489943963
Jayce,j.preston699@yahoo.com,387066844
Barry,b.place546@yahoo.com,504838877
Kristian,k.buell578@gmail.com,863011717
Bailey,b.herring898@msn.com,858636461
Ross,r.langley771@yahoo.com,082347755
Annabella,a.raymond479@hotmail.co.uk,064770670
Myra,m.alarcon56@aol.com,162016251
Cooper,c.hatfield619@hotmail.com,464373120
Alena,a.avila174@aol.com,292736141
Shelby,s.hembree636@hotmail.com,693423773
Lawrence,l.slocum797@hotmail.com,198652913
Pedro,p.marler570@yahoo.com,188958389
Glenn,g.varney855@msn.com,503502586
Gerald,g.livingston117@msn.com,813203459
Norman,n.gilliam324@hotmail.com,470659780
Patrice,p.bricker625@aol.com,660761641
Uriel,u.sander7@aol.com,850067051
Cadence,c.garvey28@hotmail.co.uk,066357887
Gail,g.machado947@hotmail.co.uk,836246679
Chelsea,c.kohl572@gmail.com,794969227
Jaxon,j.boyer386@hotmail.co.uk,034723171
Saul,s.casanova386@gmail.com,899029960
Anne,a.hughes890@aol.com,697274878
Joel,j.hager961@gmail.com,625715380
Kris,k.thompson120@msn.com,681211873
Jayla,j.worthington906@yahoo.com,551281426
Maximiliano,m.jeffers201@aol.com,243086371
Rocco,r.forster680@aol.com,450540837
Traci,t.reich629@msn.com,231600614
Rigoberto,r.baeza369@gmail.com,410147404
Marina,m.newkirk403@hotmail.co.uk,344919926
Beverly,b.yamamoto196@yahoo.com,476892265
Lorena,l.jaeger909@msn.com,530391701
Yadira,y.abreu664@hotmail.co.uk,602959353
Connor,c.kruger385@yahoo.com,516348591
Carter,c.caudle408@gmail.com,397464414
Amira,a.braswell913@hotmail.com,886630466
Devon,d.marquez780@hotmail.co.uk,457852539
Lea,l.cleveland505@aol.com,292566691
Lamont,l.bahr799@aol.com,825301249
Reagan,r.byrne274@yahoo.com,827320816
Francesca,f.hoang820@gmail.com,226873247
Theodore,t.tarver71@aol.com,231324761
Dusty,d.pierson217@aol.com,603372395
Blake,b.burdette504@hotmail.com,023586577
Taryn,t.gardner548@hotmail.com,622754363
Terrence,t.coburn701@hotmail.com,855260358
Edmund,e.salter648@hotmail.com,721200548
Coleman,c.salter300@yahoo.com,015398390
Hugh,h.dow383@hotmail.com,593482237
Cooper,c.mcfall649@yahoo.com,201688574
Aleah,a.culver526@hotmail.com,367519648
Alfredo,a.bradley821@gmail.com,304789439
Aurora,a.robbins121@yahoo.com,881056492
Marion,m.norton111@aol.com,814119661
Kristofer,k.jerome879@hotmail.com,338975656
Lloyd,l.hurd910@yahoo.com,590685101
Ramon,r.schott876@msn.com,436037412
Marion,m.romo14@msn.com,684856671
Darla,d.whited122@aol.com,220065567
Breanne,b.osborn70@aol.com,705775872
Jillian,j.hostetler644@hotmail.com,467026612
Dion,d.mccarter605@hotmail.co.uk,654479376
Markus,m.stauffer735@hotmail.com,820652977
Shawn,s.porter284@hotmail.co.uk,103163453
Jamil,j.flanders378@hotmail.com,660046887
Phoebe,p.simon891@msn.com,599622077
Devante,d.stringer932@hotmail.com,852805509
Jorge,j.harbin894@msn.com,101702513
Kade,k.poindexter107@hotmail.com,695609780
Precious,p.christy291@hotmail.com,434438654
Kristine,k.donohue948@gmail.com,400224177
Terrence,t.harms570@hotmail.com,468651090
Salvatore,s.rawls774@gmail.com,163822710
Haley,h.mansfield296@msn.com,120736971
Latisha,l.crider994@yahoo.com,446414484
Ryder,r.olivas538@msn.com,609475879
Darnell,d.kinder181@msn.com,240684027
Danna,d.fowler940@aol.com,172587056
Kayla,k.medlin17@hotmail.com,669168609
Leann,l.lima402@gmail.com,168793182
Marco,m.artis306@msn.com,540048106
Vance,v.heckman654@hotmail.co.uk,686334219
Caden,c.glass567@aol.com,798096836
Nevaeh,n.nix130@yahoo.com,041924491
Matthew,m.lanham205@hotmail.co.uk,247740012
Belinda,b.muniz400@msn.com,400989378
Cooper,c.sheppard108@hotmail.com,889597676
Julianne,j.burkhart94@hotmail.com,478966442
Peyton,p.wu808@hotmail.co.uk,182787433
Ximena,x.byler266@aol.com,118962623
Xavier,x.amaral319@gmail.com,771061354
Abigail,a.farkas334@gmail.com,264827416
Brianna,b.resendiz437@msn.com,085675972
Reid,r.deutsch856@aol.com,203760984
Josephine,j.ahmed118@gmail.com,574692529
Vernon,v.maness630@aol.com,603090954
Virginia,v.worden650@hotmail.com,740714833
Kyla,k.cheng825@aol.com,281928928
Nelson,n.pippin762@yahoo.com,144601103
Barbara,b.parisi945@hotmail.co.uk,604689150
Mollie,m.salcedo602@msn.com,640671083
Roberta,r.bigelow2@yahoo.com,283872101
Jonah,j.noll200@yahoo.com,205679630
Corina,c.mchenry904@gmail.com,170106931
Jami,j.mendoza706@hotmail.com,252804025
Miracle,m.whatley943@hotmail.co.uk,030505286
Braylon,b.godinez654@yahoo.com,354482863
Leroy,l.jacques346@hotmail.com,154712544
Garret,g.thigpen119@hotmail.co.uk,442966222
Bentley,b.knox16@yahoo.com,232918814
Dandre,d.parrott288@hotmail.com,194528034
Alma,a.strom928@gmail.com,587575543
Ada,a.milton789@yahoo.com,885355991
Hassan,h.david563@hotmail.com,670612750
Tara,t.wilke489@gmail.com,574959076
Stacey,s.cowan278@aol.com,086368938
Dario,d.dowd577@aol.com,598197756
Brooklyn,b.oleary82@aol.com,201437591
Lukas,l.getz161@yahoo.com,342814773
Jenna,j.harrelson305@hotmail.com,672323230
Dillon,d.leavitt335@aol.com,110211143
Joel,j.estrella765@aol.com,842736023
Leanne,l.blanco732@hotmail.com,712017622
Ethan,e.kolb930@hotmail.com,384443248
Damian,d.strickland161@gmail.com,823260074
Ben,b.hintz72@gmail.com,136156724
Edmund,e.lilly968@hotmail.co.uk,315603310
Joyce,j.ladd324@yahoo.com,883641799
Salvatore,s.grace397@aol.com,297087980
Roberto,r.ashton706@hotmail.com,324089669
Johnathan,j.negrete733@msn.com,017087849
Jesus,j.dangelo604@hotmail.co.uk,269484479
Collin,c.lujan868@hotmail.co.uk,731208955
Nick,n.ritchey663@hotmail.com,252684154
Kathleen,k.bernhardt981@yahoo.com,052891564
Teddy,t.comstock381@gmail.com,843142171
Alec,a.franklin361@gmail.com,114564913
Zoe,z.deluna303@gmail.com,104640345
Stephany,s.cheatham184@hotmail.co.uk,613850376
Elizabeth,e.freedman987@gmail.com,222336801
Alexa,a.epperson402@msn.com,860070080
Kolton,k.peoples882@hotmail.com,540018179
Judith,j.orr530@hotmail.com,569110043
Izaiah,i.figueroa216@hotmail.co.uk,738672570
Nikki,n.steen244@hotmail.co.uk,058363711
Carmen,c.arroyo461@hotmail.com,049913866
Bryan,b.brandenburg644@yahoo.com,272095393
Bailee,b.austin678@hotmail.com,206080811
Jaylin,j.erdman777@yahoo.com,303594019
Alexia,a.martines502@yahoo.com,711261656
Ruby,r.jonas65@hotmail.com,312843751
Mandy,m.roldan602@hotmail.co.uk,840550730
Louis,l.hulsey570@msn.com,594400609
Sierra,s.heller900@hotmail.com,358092890
Mark,m.walker287@msn.com,671871117
Simone,s.layman493@hotmail.co.uk,420269718
Keon,k.hobbs626@aol.com,120352904
Kiara,k.shane435@yahoo.com,375022891
Stacey,s.pantoja347@msn.com,490566524
Jaydon,j.edge59@hotmail.com,541757279
Jermaine,j.goff219@hotmail.co.uk,625337980
Kurtis,k.mayer677@hotmail.co.uk,689177800
Natalia,n.knotts829@hotmail.co.uk,140600532
Dallas,d.saxton970@hotmail.com,481495739
Alivia,a.buss948@msn.com,285600626
Cale,c.mccarty368@gmail.com,109542065
Stephany,s.fredrick268@yahoo.com,352846393
Dillon,d.nettles37@aol.com,329819288
Brantley,b.coons306@aol.com,493601314
Van,v.bean389@hotmail.co.uk,263539254
Anahi,a.reddick425@msn.com,297722767
Kristofer,k.dye765@aol.com,317891657
Nia,n.xiong825@aol.com,101705586
Bruno,b.thorpe701@msn.com,410468274
Abby,a.cortes173@hotmail.com,534987865
Reid,r.lenz120@yahoo.com,361894491
Skye,s.skelton818@yahoo.com,773626115
Amir,a.held322@gmail.com,428763190
Rocco,r.mccarty25@aol.com,699971570
Jazmin,j.dugan677@aol.com,236570773
Chaya,c.mcginnis48@aol.com,339853692
Easton,e.negrete831@msn.com,471960566
Shanna,s.keim683@hotmail.co.uk,168431493
Charlie,c.westmoreland687@msn.com,760418394
Tony,t.dickinson467@hotmail.com,486833606
Alaina,a.heffner544@msn.com,128133773
Jaelyn,j.pond617@hotmail.co.uk,411839776
Joyce,j.bragg556@yahoo.com,712096122
Brielle,b.ivory298@hotmail.com,045512432
Katharine,k.christie121@hotmail.com,708375445
Sammy,s.estep658@aol.com,130491175
Rocio,r.park976@hotmail.com,083364284
Alma,a.armijo572@hotmail.com,246907928
Gael,g.delaney901@gmail.com,771286778
Arabella,a.waterman681@msn.com,541118157
Ramiro,r.doolittle363@msn.com,521017641
Jack,j.manson761@gmail.com,284135499
Latonya,l.canales948@msn.com,313583720
Sonny,s.duckworth8@aol.com,516854551
Cadence,c.huey785@hotmail.co.uk,075648923
Ryker,r.acker122@hotmail.co.uk,213623831
Jaydon,j.veal409@yahoo.com,186304502
Elisa,e.michalski581@msn.com,668583173
Yahir,y.herman336@yahoo.com,247702005
Shirley,s.guevara725@hotmail.com,211946109
Quinten,q.pham433@gmail.com,482400901
Andy,a.hess232@aol.com,058712688
Janae,j.crisp873@aol.com,857365464
Alissa,a.fagan367@hotmail.com,766231887
Trisha,t.posey651@hotmail.com,713043741
Mauricio,m.ogden800@yahoo.com,464930270
Carolina,c.hackney850@hotmail.com,635642559
Ted,t.michaels98@gmail.com,228588542
Ariel,a.mcfadden357@gmail.com,571295845
Johanna,j.baskin937@hotmail.com,433820141
Jordan,j.hinds812@gmail.com,388049882
Marcus,m.flora922@msn.com,124443228
Malia,m.tu674@hotmail.com,432813000
Orlando,o.lance826@msn.com,857279922
Kason,k.spangler568@yahoo.com,066819355
Anton,a.deluca64@msn.com,550283722
Shania,s.mosqueda17@msn.com,689770087
Oliver,o.ledezma458@msn.com,153055702
Scarlett,s.sauer306@hotmail.co.uk,264727445
Samara,s.cho589@aol.com,118738370
Aubrie,a.findley896@gmail.com,052025362
Tyrell,t.chavis764@yahoo.com,336451613
Silas,s.kersey119@aol.com,866680202
Regan,r.worthington525@hotmail.com,731172649
Desmond,d.tarr757@gmail.com,023668836
Francis,f.creighton248@aol.com,410818678
Ruben,r.spence13@aol.com,269039183
Shelby,s.gary546@hotmail.com,763673289
Lamar,l.paniagua149@yahoo.com,023084882
Ahmed,a.voss873@hotmail.com,166778930
Noe,n.pike159@gmail.com,738633258
Selena,s.mayfield44@yahoo.com,592014373
Jayden,j.valadez790@aol.com,729569459
Tatiana,t.altman481@aol.com,859417681
Evangeline,e.sebastian547@hotmail.co.uk,696845541
Celia,c.cockrell326@yahoo.com,898254086
Jamil,j.elliott793@aol.com,516667591
Perla,p.nagy718@yahoo.com,542266955
Keon,k.osorio70@aol.com,599915314
Davin,d.vogt515@gmail.com,800305657
Ahmed,a.olguin306@hotmail.co.uk,520289351
Trina,t.milner394@aol.com,633253224
Justus,j.westbrook719@msn.com,135483706
Ryder,r.conde322@msn.com,706034079
Summer,s.toliver438@msn.com,079717628
Julio,j.saldivar437@yahoo.com,731159447
Gretchen,g.mays739@msn.com,192918108
Madison,m.solorzano126@msn.com,740321107
Keagan,k.hennessy839@yahoo.com,605526718
Hallie,h.higginbotham495@yahoo.com,390515280
Yvonne,y.bull51@yahoo.com,294676665
Carson,c.thorpe535@msn.com,334846811
Janelle,j.goodrich894@gmail.com,240399930
Conor,c.casas266@msn.com,415075824
Dave,d.loveless799@aol.com,351277630
Luke,l.chapin204@hotmail.com,364032535
Lewis,l.henriquez215@gmail.com,437826768
Everett,e.berry938@yahoo.com,757750448
Emanuel,e.toliver620@hotmail.co.uk,582797386
Hannah,h.leavitt81@hotmail.com,887226865
Shelby,s.fennell288@msn.com,778369453
Kendall,k.diaz763@hotmail.co.uk,565826181
Claudia,c.derr822@hotmail.co.uk,020144852
Colleen,c.leach724@hotmail.co.uk,860935321
Marcel,m.peltier568@gmail.com,649378826
Dwight,d.shelley375@aol.com,231936480
Camryn,c.caudle386@aol.com,170863348
Julia,j.hurley315@yahoo.com,358314983
Danny,d.cobb307@hotmail.co.uk,335193959
Krystle,k.slone656@gmail.com,455310443
Delaney,d.engel334@gmail.com,245869812
Edmund,e.siler78@hotmail.co.uk,139792860
Broderick,b.tan400@yahoo.com,280903612
Garret,g.marr459@hotmail.com,713534010
Eliza,e.coker703@aol.com,728273461
Leon,l.sage717@gmail.com,599090397
Betty,b.whitehead28@hotmail.co.uk,887197446
Terence,t.wicks111@aol.com,022994067
Amari,a.begley975@hotmail.com,498043319
Noel,n.thorson946@hotmail.co.uk,437174723
Claire,c.banuelos111@msn.com,436859948
Rhiannon,r.cobb211@hotmail.co.uk,192987137
Justice,j.mathis335@hotmail.com,707462977
Santino,s.rollins813@aol.com,126944358
Maranda,m.stegall542@hotmail.co.uk,627209022
Joey,j.wray248@hotmail.co.uk,637243276
Tevin,t.wilhite711@yahoo.com,477440531
Darrel,d.kersey448@hotmail.co.uk,664153982
Chasity,c.kozak636@hotmail.co.uk,116935582
Jess,j.jurado448@gmail.com,589153048
Micah,m.bankston363@msn.com,866235426
Madilyn,m.mcclelland465@gmail.com,392570889
Nina,n.ohara361@aol.com,536226445
Jamie,j.ruelas643@msn.com,193326298
Josue,j.reis570@gmail.com,327318878
Tatum,t.jolly962@hotmail.com,437548339
Kassandra,k.griffith589@aol.com,484218906
Savanna,s.kraemer32@msn.com,356669094
Tamia,t.boyles537@hotmail.co.uk,414943767
Derrick,d.kirby745@msn.com,622619367
Cortney,c.wertz234@gmail.com,013394031
Mariam,m.branson963@msn.com,711646481
Casey,c.banks836@hotmail.co.uk,527040870
Jacquelyn,j.aguayo234@yahoo.com,548475011
Lia,l.lamar923@hotmail.com,082767953
Paige,p.diaz250@gmail.com,367444319
Presley,p.maddox469@gmail.com,104636703
Brad,b.amaro555@aol.com,713089112
Dina,d.castellanos409@hotmail.co.uk,616289662
Sara,s.palm396@hotmail.com,122096498
Jamison,j.riddle895@aol.com,535039014
Albert,a.hinds66@yahoo.com,674789277
Wayne,w.hofer957@msn.com,183467697
Erin,e.rock669@yahoo.com,189799095
Corey,c.avery601@aol.com,315320600
Wanda,w.nesbitt613@aol.com,473879107
Carmen,c.medley246@hotmail.com,278953497
Kerry,k.ferrara504@gmail.com,702678525
Isaac,i.upshaw647@hotmail.co.uk,314089702
Delilah,d.van324@aol.com,789324636
Betsy,b.true511@aol.com,892344012
Monica,m.brandt840@gmail.com,024621679
Melinda,m.laplante558@hotmail.co.uk,157512272
German,g.delaney172@aol.com,465543277
Craig,c.marlow406@hotmail.co.uk,546737621
Christy,c.meek131@yahoo.com,535615643
Jim,j.bastian229@aol.com,518348513
Sophie,s.harper461@hotmail.com,336268483
Jody,j.messina101@gmail.com,401882260
Kinsley,k.ivory432@msn.com,468687209
Arturo,a.lien742@msn.com,122643398
Gary,g.shrader774@msn.com,133916603
Bernadette,b.shultz687@hotmail.co.uk,531491029
Valentina,v.tejeda415@gmail.com,725472067
Frankie,f.suarez665@hotmail.com,294424909
Tasha,t.romeo555@hotmail.co.uk,375727268
Clare,c.markley355@hotmail.co.uk,172465229
Erich,e.nguyen960@yahoo.com,300031228
